tte_bucket,distance_bucket,distance_bucket_start_cents,distance_bucket_end_cents,sample_size,best_model,best_log_loss,Standard Gaussian,Student-T df=5,Student-T df=3,Momentum-Adjusted Gaussian,Machine Learning (Logistic Regression),XGBoost,LightGBM,CatBoost,PySR (Symbolic Regression)
14,0-5c,0,5,97,PySR (Symbolic Regression),0.6927286514524544,0.6930267444039864,0.6929619148728924,0.6929251918794727,0.696869201963016,0.6936585099219503,0.6988181099555555,0.7072314486981925,0.6965665430852361,0.6927286514524544
14,5-10c,5,10,93,Standard Gaussian,0.6767110276094098,0.6767110276094098,0.6770691952173585,0.6773168739338383,0.6792908969027142,0.6771272108563934,0.6813453931664524,0.6873505769145973,0.6787709879167879,0.6792502272942016
14,10-15c,10,15,59,CatBoost,0.6323413629110204,0.6446378286296749,0.645748053450284,0.6465171587395507,0.6433264691786649,0.638744771611965,0.6398308296479034,0.6401364713568954,0.6323413629110204,0.6520966949828494
14,15-20c,15,20,48,Machine Learning (Logistic Regression),0.5339689207471741,0.5410280639232595,0.5464648321539527,0.5500062136746134,0.542403477298171,0.5339689207471741,0.5383010816005198,0.5471611723606279,0.545876993878716,0.570521976491786
14,20-25c,20,25,23,CatBoost,0.6085363017332373,0.6143877637754119,0.6133342756575185,0.6130855453214883,0.6180348349273322,0.6175736848691624,0.6090325315433397,0.6199010254043287,0.6085363017332373,0.6147047221403447
14,25-30c,25,30,10,Momentum-Adjusted Gaussian,0.4939295856185987,0.5096611623333609,0.5119350539757541,0.5140878234180455,0.4939295856185987,0.5027334076666234,0.5251158324045581,0.531886725030142,0.525432669335475,0.5252048076247657
14,30-35c,30,35,1,Machine Learning (Logistic Regression),0.20942098001854925,0.22314353641304868,0.24742842961236328,0.26253157604535,0.22314353641304868,0.20942098001854925,0.268897000249189,0.27797528464494387,0.2311057781628174,0.29863550564221314
14,35-40c,35,40,2,Machine Learning (Logistic Regression),0.1492603826568495,0.1625189365100861,0.19085818692285797,0.20838418309973797,0.1625189365100861,0.1492603826568495,0.18456113302621308,0.1901453932685782,0.17020476094307907,0.22676578103121892
14,40-45c,40,45,1,CatBoost,0.08590879239329156,0.10536051731351088,0.13708691001649212,0.15669676206459673,0.10536051731351088,0.09907642114107298,0.1068673729995238,0.11531165315443648,0.08590879239329156,0.14219974325628862
13,0-5c,0,5,64,CatBoost,0.684779192795814,0.6867444491309748,0.68700450976648,0.6871692655614912,0.6934260286641436,0.6918360187497808,0.6941887619535193,0.6921832632377165,0.684779192795814,0.6883599186529982
13,5-10c,5,10,67,CatBoost,0.666598033486003,0.6677689389418929,0.668570115101143,0.6690936750966494,0.6763738786710978,0.6681841341575809,0.6688425334791226,0.6701992117590848,0.666598033486003,0.6727274106201444
13,10-15c,10,15,58,LightGBM,0.6539856369488215,0.6593238280130763,0.6596651885001111,0.6599566631827801,0.6594493378552202,0.6578527325406182,0.6572897721671533,0.6539856369488215,0.6548007596388751,0.6630045484168734
13,15-20c,15,20,45,PySR (Symbolic Regression),0.6968573892173354,0.7150410894321512,0.7103930622079595,0.7077402432130505,0.7159350812276819,0.7213695809020589,0.71230482152366,0.7320413296950993,0.7086999370676381,0.6968573892173354
13,20-25c,20,25,24,Machine Learning (Logistic Regression),0.5629588902775698,0.5680917536146435,0.5697388034969051,0.5711548320204409,0.5639777067160885,0.5629588902775698,0.5766575969658013,0.5785511264416611,0.5630385697751096,0.5801651737607533
13,25-30c,25,30,20,CatBoost,0.5247876813945014,0.5456754743636102,0.5467195281698131,0.547980519463306,0.5491406429813839,0.5473380693818821,0.5425418112644851,0.5332932728331701,0.5247876813945014,0.5508738961695456
13,30-35c,30,35,12,XGBoost,0.4341887212420487,0.4518698460011263,0.4555674560972018,0.45892804702042,0.4597008776408659,0.4504666592158026,0.4341887212420487,0.4405763946504653,0.44373448810689403,0.4679008771045483
13,35-40c,35,40,6,CatBoost,0.12321864681426219,0.14129898793676268,0.1709735928411589,0.18930666301457014,0.13372192576674988,0.13142701602007328,0.12761157620792712,0.1312643588286192,0.12321864681426219,0.19670062608355335
13,40-45c,40,45,4,Momentum-Adjusted Gaussian,0.08899452539916625,0.0944892519663815,0.12649158497024565,0.14635285171485968,0.08899452539916625,0.09255104893703242,0.10487149835846801,0.10886242148802282,0.09585613750738595,0.12004008153669254
12,0-5c,0,5,34,Machine Learning (Logistic Regression),0.6864422127175864,0.6898057453340305,0.6899045571235054,0.6899694533984971,0.6908830680350404,0.6864422127175864,0.6895011459032186,0.69108449515371,0.6869388621868132,0.6903512965287447
12,5-10c,5,10,57,Momentum-Adjusted Gaussian,0.6606592977719845,0.665014435616592,0.6659213582329401,0.6665124933697374,0.6606592977719845,0.6624860406403594,0.6665089177847924,0.6703168306885608,0.667852994630208,0.6707514128967105
12,10-15c,10,15,52,Student-T df=3,0.6680781787377217,0.6684081765173591,0.6681502028798081,0.6680781787377217,0.6707629003361816,0.6716635873989897,0.6862395468863411,0.6826828872480857,0.6832440744326936,0.669192988594543
12,15-20c,15,20,57,XGBoost,0.6010060450011918,0.6017789415192141,0.6038905587450053,0.6053742514674495,0.6040414597686137,0.602342108299869,0.6010060450011918,0.6052147925059578,0.6029681947285445,0.6151590615809752
12,20-25c,20,25,37,Momentum-Adjusted Gaussian,0.5834063031955389,0.5883657424245728,0.5888318684252862,0.5895195779664033,0.5834063031955389,0.5875050083644671,0.589617939348531,0.6082863039423823,0.5980164441927749,0.5960690317434626
12,25-30c,25,30,24,PySR (Symbolic Regression),0.6100110174690891,0.6211128557991125,0.6152544627713148,0.6125775415268258,0.63194493749971,0.6306435015165937,0.610664594344032,0.6101703432492955,0.624453005287044,0.6100110174690891
12,30-35c,30,35,21,Student-T df=5,0.49185619799808966,0.4929692267622251,0.49185619799808966,0.49262243196846506,0.5024572508414208,0.4966058888007187,0.5062350357479343,0.5098612213459228,0.5011073251020647,0.4978671659467591
12,35-40c,35,40,19,XGBoost,0.3804537591296045,0.41997346530441265,0.42107841097412085,0.42368480494031574,0.42158294434472093,0.4235392190716872,0.3804537591296045,0.40182250318667345,0.40090724540052214,0.41781434454200833
12,40-45c,40,45,7,XGBoost,0.08465128035408154,0.0882519487854146,0.12044751726431968,0.14046604713757174,0.09467276477002362,0.08795106632639582,0.08465128035408154,0.09343538962448049,0.08967012684737038,0.10827005838492765
11,0-5c,0,5,20,Standard Gaussian,0.677338796710099,0.677338796710099,0.6780533326830553,0.6785015572706903,0.6804666930970675,0.6786911517424199,0.6917233325051492,0.692839873707147,0.696396810619053,0.6815270113065464
11,5-10c,5,10,56,PySR (Symbolic Regression),0.6925047858401862,0.6949876525388914,0.694408211363586,0.6940734999642969,0.6984668800794875,0.6984790295281285,0.696342382322574,0.7034231079330866,0.7008848274037306,0.6925047858401862
11,10-15c,10,15,45,CatBoost,0.670208316347889,0.6869181453383262,0.6858493934307467,0.685264249069122,0.6917240295657251,0.6882330845452953,0.6768465855021264,0.6707973304256861,0.670208316347889,0.6830698006642392
11,15-20c,15,20,45,Machine Learning (Logistic Regression),0.6009088158335592,0.6037290405377463,0.60560489428511,0.6069545056315557,0.6041397760449304,0.6009088158335592,0.6067188512313939,0.6172108222804003,0.6163498721634125,0.61581607312604
11,20-25c,20,25,31,XGBoost,0.577194259687588,0.577536190953301,0.5787006760732856,0.5798107754380608,0.5884168004896755,0.581133230569545,0.577194259687588,0.5852226729605994,0.5813856305015036,0.5878623349122635
11,25-30c,25,30,25,Momentum-Adjusted Gaussian,0.53866548020068,0.5479261121317777,0.5485925981155337,0.5496569192248466,0.53866548020068,0.5452615020823112,0.5409744911585114,0.5472937238212093,0.5466398986582373,0.5554696002719838
11,30-35c,30,35,21,PySR (Symbolic Regression),0.5533717263237504,0.565064483428677,0.5573437008311265,0.5543703010236884,0.5650889904021772,0.5690593160211906,0.5690940390726585,0.5680162482346509,0.5591264274976881,0.5533717263237504
11,35-40c,35,40,24,PySR (Symbolic Regression),0.5058466079321016,0.5251831278960418,0.5140369350478665,0.5101407921523645,0.5177717006568455,0.5270870862046191,0.5524771133466936,0.5374465845186025,0.5309892651805868,0.5058466079321016
11,40-45c,40,45,10,CatBoost,0.08218445763181241,0.08243024953013575,0.1148626782498817,0.13504949027003604,0.08685045378509737,0.08225340650476075,0.08396712563705183,0.09556696655883641,0.08218445763181241,0.09784461136252018
11,45-50c,45,50,2,PySR (Symbolic Regression),0.019055255491828117,0.03574799739533768,0.06632258753044176,0.08649364890293697,0.020254778044344106,0.040984377997516704,0.05295492307116069,0.05322825604944711,0.05848243272329798,0.019055255491828117
10,0-5c,0,5,34,LightGBM,0.6859855927670478,0.6972788543114469,0.6970219123973012,0.6968646529119032,0.6988079101585941,0.6975725199410469,0.6923527523169563,0.6859855927670478,0.6926604566425059,0.6958469235385387
10,5-10c,5,10,39,PySR (Symbolic Regression),0.7017218689085525,0.7075727503587349,0.7064057721099287,0.705703155468127,0.7112425353839198,0.7124916123968139,0.7084128014440191,0.7128301159123074,0.7094976518011163,0.7017218689085525
10,10-15c,10,15,28,XGBoost,0.6033572501317248,0.6178631437314923,0.6203425594339853,0.6219632881695457,0.6171927377697379,0.6113152649893621,0.6033572501317248,0.6034524203075923,0.6106201589529298,0.6323004948762962
10,15-20c,15,20,48,LightGBM,0.5323072669445502,0.5459624405437455,0.5513530087357871,0.5548486132242519,0.5419504941613917,0.5384361736666512,0.5419833793005695,0.5323072669445502,0.5452402271757082,0.57397685666316
10,20-25c,20,25,28,LightGBM,0.5555921981067671,0.5655300992234171,0.5676767349956446,0.5693651944116153,0.5663427714733175,0.5639115635793553,0.5757793087678201,0.5555921981067671,0.5701681379992601,0.5792744461745356
10,25-30c,25,30,20,XGBoost,0.5459254566967044,0.5641187795312355,0.5629876197003129,0.5630567231722401,0.5701579712910222,0.5669775622780955,0.5459254566967044,0.5683667590543849,0.5584101068692409,0.5668439346802513
10,30-35c,30,35,27,PySR (Symbolic Regression),0.5730811407513938,0.5900263337303197,0.5811678921588856,0.5773934491244557,0.6016250444983905,0.5984837731939413,0.5853459967475708,0.592563740726015,0.5875100040703397,0.5730811407513938
10,35-40c,35,40,17,Standard Gaussian,0.3607427140135621,0.3607427140135621,0.365905342568118,0.3710666652511679,0.3714675361712233,0.3640819764896435,0.3843617658735603,0.3798432349344546,0.38101992477285906,0.3712501530211948
10,40-45c,40,45,12,Momentum-Adjusted Gaussian,0.06561256342035626,0.07625203841759738,0.1088621033608293,0.1291996653578395,0.06561256342035626,0.07604328950949053,0.0903739627527162,0.09983542138371426,0.08313585073985226,0.08558004862576378
10,45-50c,45,50,1,PySR (Symbolic Regression),0.01005033585350145,0.040821993588932556,0.07278479440540088,0.09337813725187137,0.020202706861361452,0.042500111040765925,0.04013264896385477,0.0437293823375279,0.04165047470084351,0.01005033585350145
9,0-5c,0,5,30,LightGBM,0.7120045171553172,0.7209083121996801,0.7195041839828082,0.7186317212048614,0.7159747595057705,0.7232468214927645,0.7197281148833565,0.7120045171553172,0.717814418149975,0.7129941714569288
9,5-10c,5,10,40,LightGBM,0.6954501995760544,0.7001778072111211,0.6993280282912597,0.698825933251306,0.6978272236996024,0.7023562257213237,0.7048749786648019,0.6954501995760544,0.6986845748560919,0.6962272939935351
9,10-15c,10,15,31,CatBoost,0.6381681560841083,0.6541142788928745,0.6546757586647823,0.655107632873698,0.647109370007585,0.6518252951124129,0.653930312388891,0.6623588641110859,0.6381681560841083,0.658860284590279
9,15-20c,15,20,22,Momentum-Adjusted Gaussian,0.6165115456966886,0.6239497835196934,0.624434019941059,0.6249457461097456,0.6165115456966886,0.6228654560776149,0.6276338690238894,0.6370355809821894,0.6247906852038385,0.6297757087286188
9,20-25c,20,25,26,Machine Learning (Logistic Regression),0.5056948444599866,0.5144758117530741,0.5199425382211138,0.5236403195705773,0.5082685366044619,0.5056948444599866,0.528977561137819,0.5225803295593134,0.5227601827019821,0.5420279398906321
9,25-30c,25,30,33,CatBoost,0.5317039617806804,0.5408738823899669,0.5420275901329819,0.5433810186250603,0.5405819668787117,0.541938333588764,0.5367669148185101,0.5387833005612687,0.5317039617806804,0.5475024936844718
9,30-35c,30,35,35,CatBoost,0.4883513870962851,0.4904748623684181,0.49110964499462517,0.4926700944707281,0.4891093020451264,0.49380081299995493,0.4938567823431082,0.49625359335734465,0.4883513870962851,0.4945589662816964
9,35-40c,35,40,28,XGBoost,0.34256076967508514,0.3504045321410412,0.3562632635343266,0.36188398606913547,0.3578881917168548,0.34844268547038476,0.34256076967508514,0.35057634940943083,0.3461208539300081,0.3671819207594368
9,40-45c,40,45,24,CatBoost,0.17457284623105065,0.18888287261485906,0.2067902219920724,0.21974852522883936,0.18798595134909743,0.18636689383675728,0.17801654788829366,0.1751385238811892,0.17457284623105065,0.2006472070464481
9,45-50c,45,50,8,PySR (Symbolic Regression),0.019297027332225387,0.04091584250481078,0.07208143440750087,0.09238750042951546,0.038393845576757235,0.04587865928665068,0.05084567559115843,0.05665393902320243,0.0527948840934096,0.019297027332225387
8,0-5c,0,5,23,Machine Learning (Logistic Regression),0.6765019759614195,0.6783083094567214,0.6789553433946182,0.679362608321533,0.6791550947859708,0.6765019759614195,0.6893113449181592,0.6838580983569207,0.6807389411234911,0.6820988862427593
8,5-10c,5,10,24,Machine Learning (Logistic Regression),0.6325163448746062,0.6354452307585682,0.6378441636632997,0.639363458225658,0.6382393630651422,0.6325163448746062,0.6499459902245871,0.6697716272309698,0.6483912417362544,0.6492915993663246
8,10-15c,10,15,33,LightGBM,0.6585809650337361,0.6999547292535955,0.6980319106180009,0.6969281548176284,0.6972711782720752,0.7028845667565774,0.6814933125753369,0.6585809650337361,0.6869729625083362,0.6917476231368942
8,15-20c,15,20,31,LightGBM,0.5723140892625019,0.5805075522093023,0.5837108906207539,0.5858773503836199,0.5844731150650349,0.5784206264651929,0.5764220335299942,0.5723140892625019,0.5776927048980118,0.5984967639109434
8,20-25c,20,25,25,Machine Learning (Logistic Regression),0.5144417806608841,0.5190321241483294,0.5242178582843322,0.5277460975478394,0.5243972863957218,0.5144417806608841,0.5436876138763492,0.5325059678605526,0.5284165855124809,0.5449511877474776
8,25-30c,25,30,17,Machine Learning (Logistic Regression),0.4646400155699753,0.46986750607333666,0.4763468462512591,0.4808548456408566,0.4733021780133715,0.4646400155699753,0.4773366021408042,0.478251610404719,0.4775387547733775,0.49627276756707384
8,30-35c,30,35,33,Machine Learning (Logistic Regression),0.3753895496022454,0.382083541267237,0.3920294240618059,0.3989545470427445,0.379296884748668,0.3753895496022454,0.3801876687497258,0.37997115142330307,0.37976938841749985,0.4136014563278167
8,35-40c,35,40,23,CatBoost,0.3825825312083071,0.3838648206077777,0.38815275826161943,0.39261194832299656,0.39163742464264417,0.3840524195633177,0.38785157220610345,0.38826679571169576,0.3825825312083071,0.39435999362973934
8,40-45c,40,45,20,XGBoost,0.28217382109119316,0.3171237606119296,0.3182022714699447,0.32258475624844574,0.3294035320410834,0.3170159750718542,0.28217382109119316,0.2907147681456202,0.30073566512756583,0.30931893993659865
8,45-50c,45,50,8,PySR (Symbolic Regression),0.01688461619571221,0.03573416029001031,0.06624528440495549,0.08638997161046905,0.03573416029001031,0.042012967030988044,0.037254412073938606,0.04901086378004615,0.04726855084767244,0.01688461619571221
7,0-5c,0,5,21,Momentum-Adjusted Gaussian,0.694411534500691,0.7001133274748594,0.6997150456896838,0.6994698625068116,0.694411534500691,0.7016760589370991,0.7084277557557614,0.7216734003294317,0.7086720285506625,0.698055809530651
7,5-10c,5,10,20,PySR (Symbolic Regression),0.7110277415125195,0.7207234817881015,0.7188296095534776,0.7176783372586726,0.7311291499914725,0.7288542108823655,0.7183391865047032,0.7144276040963652,0.715368923765548,0.7110277415125195
7,10-15c,10,15,22,LightGBM,0.6753194824364523,0.7168707938827484,0.7141366602466982,0.7125254135771562,0.7096288779147363,0.7182544258670585,0.6942680959833929,0.6753194824364523,0.7053827549108452,0.7041912742614164
7,15-20c,15,20,35,Momentum-Adjusted Gaussian,0.6348364333608838,0.6361831846280359,0.6361729839165827,0.6363641678107602,0.6348364333608838,0.6358141455882235,0.6478410817322352,0.6494384298738552,0.6387199609401552,0.6387101523375976
7,20-25c,20,25,28,Standard Gaussian,0.5590900726033624,0.5590900726033624,0.5618498076156159,0.5638912663302108,0.5670392530239967,0.5607495961765403,0.5667910683794518,0.5707969893163632,0.5671627606366983,0.5740407080086288
7,25-30c,25,30,23,Machine Learning (Logistic Regression),0.3510095427198683,0.3610295407114375,0.37577084524686055,0.38515464393930676,0.3547060316865565,0.3510095427198683,0.3722469332019897,0.3656507768510583,0.36158856308050585,0.4144117558432239
7,30-35c,30,35,25,PySR (Symbolic Regression),0.6066722748931788,0.6360387895406312,0.6204147982278292,0.6131506080483713,0.6365680273193182,0.6438199099175392,0.6444092236063357,0.6342510056636589,0.6413430813468628,0.6066722748931788
7,35-40c,35,40,27,Machine Learning (Logistic Regression),0.41530566599661645,0.4163911580125489,0.41609418944849696,0.41823202950974253,0.42265167269283416,0.41530566599661645,0.4249750969680508,0.4175691496233194,0.42031506933454765,0.41820601510312955
7,40-45c,40,45,29,CatBoost,0.07838294488641173,0.08274596234862126,0.11519993615959666,0.13539048114462132,0.08055293620667527,0.08250686314020682,0.08531920314586709,0.09519980961157057,0.07838294488641173,0.09870573716912225
7,45-50c,45,50,17,CatBoost,0.2120708565262759,0.22298401204589732,0.2185567777757413,0.2234372388871261,0.227354548989445,0.21863027555984274,0.2214237176713934,0.23059848299499697,0.2120708565262759,0.28682169235454186
6,0-5c,0,5,17,LightGBM,0.680784886404902,0.6906667388616039,0.690738017321545,0.6907849990956747,0.6885192063878498,0.6908759502862636,0.6872306454775625,0.680784886404902,0.6808349361585896,0.6910438118437936
6,5-10c,5,10,22,Momentum-Adjusted Gaussian,0.6470180488593578,0.6588781736425248,0.6600705060821564,0.6608406898829136,0.6470180488593578,0.6538483775615552,0.6505615627042535,0.6497868104247687,0.6501189584732049,0.6661769085398581
6,10-15c,10,15,24,Machine Learning (Logistic Regression),0.5996308225301237,0.6049398165956373,0.6081280241824248,0.6101858278904194,0.603988748639658,0.5996308225301237,0.6017952069522512,0.6166374360972896,0.6038333511715194,0.6234447816085976
6,15-20c,15,20,29,LightGBM,0.5231976042658458,0.5402917082085273,0.546148561666562,0.5499212596765982,0.5476816801210934,0.5357838567643983,0.5232671449713101,0.5231976042658458,0.5324386551363074,0.5697860634416094
6,20-25c,20,25,18,PySR (Symbolic Regression),0.6784087772950436,0.7013384287672472,0.6941075067264154,0.6901678515547177,0.7021213140710219,0.7109470716311054,0.683738094626429,0.6790763547714842,0.6875915613383596,0.6784087772950436
6,25-30c,25,30,21,Machine Learning (Logistic Regression),0.43520813149580595,0.4371940138044897,0.44545512881761484,0.4510903847462632,0.4437502709050409,0.43520813149580595,0.4436956749883264,0.4530369082792914,0.448883173831972,0.4712920680495184
6,30-35c,30,35,28,Student-T df=3,0.5303415917955917,0.5381868481584053,0.5322194303459824,0.5303415917955917,0.5385153564374191,0.5420544876410432,0.5522454201345066,0.5528969708613938,0.5506038771906179,0.5339194201669072
6,35-40c,35,40,39,Momentum-Adjusted Gaussian,0.37277857897131905,0.37606856018333484,0.38094472881731867,0.38575399336512467,0.37277857897131905,0.37830888202319257,0.3832497829161962,0.3883026885653268,0.38565512644884375,0.3854382412759711
6,40-45c,40,45,35,XGBoost,0.2742931790240018,0.2912068164540653,0.2945936345481958,0.3003721883059647,0.2866131607389505,0.2890630442345237,0.2742931790240018,0.27801619817436635,0.28217311528546785,0.29158819121872687
6,45-50c,45,50,34,PySR (Symbolic Regression),0.01326646777924769,0.0335698731856347,0.0641070406605592,0.08429238642833548,0.03270919413145496,0.03946716231017816,0.030710998160145154,0.04052139098432758,0.04346892504166592,0.01326646777924769
5,0-5c,0,5,25,PySR (Symbolic Regression),0.7022776246717065,0.706718371045003,0.7059825835510114,0.7055278473279839,0.7117976237990361,0.7057258892836731,0.7448727095208402,0.7870663535558283,0.7465449932057368,0.7022776246717065
5,5-10c,5,10,24,LightGBM,0.7025921232329887,0.7218918145307226,0.7199387864620351,0.7187505477075152,0.7192585490655423,0.724057514578259,0.7113131602100561,0.7025921232329887,0.7101765705325853,0.7118865210972869
5,10-15c,10,15,18,Machine Learning (Logistic Regression),0.571243998809355,0.5810452233451486,0.585601227949397,0.5885013309616025,0.5779675492928085,0.571243998809355,0.5985927986245336,0.6036066932454963,0.5884777752706927,0.6060594436948936
5,15-20c,15,20,26,Machine Learning (Logistic Regression),0.5526307608932485,0.5584357201839398,0.5631028900481205,0.5661537607033001,0.5586316186278937,0.5526307608932485,0.5540187913100066,0.5551741327793785,0.5565986425106049,0.5825531797381109
5,20-25c,20,25,22,Student-T df=5,0.5949002669380208,0.5950215016428113,0.5949002669380208,0.5952475747334989,0.6081322354663644,0.6004383478621483,0.602558485136655,0.644002828385625,0.6004683094887487,0.6011133000039183
5,25-30c,25,30,22,CatBoost,0.5068692653131565,0.5265948244744151,0.5285569977363633,0.5304205225031641,0.5208563240086922,0.5239335996206563,0.5124582831865261,0.5092776598559531,0.5068692653131565,0.5369966023641343
5,30-35c,30,35,26,Momentum-Adjusted Gaussian,0.5336071823879835,0.546899003052876,0.5414247085691936,0.5396385978843219,0.5336071823879835,0.550376725143714,0.5633470047158882,0.5520611117343095,0.5469270194445536,0.5379571595763202
5,35-40c,35,40,35,Momentum-Adjusted Gaussian,0.41773644499527873,0.42661620185650906,0.4225679830311628,0.42312183330567815,0.41773644499527873,0.42430589487810866,0.43038417816921903,0.4304523021312678,0.43288752420640775,0.43101958640778965
5,40-45c,40,45,45,LightGBM,0.24753245836853452,0.2621091513073403,0.2651712372124368,0.271623123302879,0.25388637119327456,0.25705532734548614,0.26202606157929076,0.24753245836853452,0.253203419775029,0.2818738948418471
5,45-50c,45,50,46,PySR (Symbolic Regression),0.014399083826683298,0.03391954751697136,0.06429608063243566,0.08441818318431006,0.03329081501547273,0.03976277488516632,0.03596192795459197,0.04296467547171219,0.04293312086295177,0.014399083826683298
4,0-5c,0,5,16,Machine Learning (Logistic Regression),0.6868954966346557,0.6908974573852842,0.6909345704648509,0.6909614077866018,0.6917879725695396,0.6868954966346557,0.7023851928741336,0.7226466147606538,0.7020909372130861,0.6910008970400857
4,5-10c,5,10,16,LightGBM,0.6451964871966769,0.6836539847230139,0.6836505129761872,0.6836732276478602,0.6853427213010101,0.6846740735981912,0.6636815507643696,0.6451964871966769,0.6571984287137946,0.6847517622718596
4,10-15c,10,15,16,LightGBM,0.6700281062992804,0.6922408924860362,0.6908837562326393,0.6901202217781578,0.689119464198785,0.6932893275564758,0.6848327420829393,0.6700281062992804,0.6791470370721664,0.6867010535636285
4,15-20c,15,20,27,Machine Learning (Logistic Regression),0.48749610045278574,0.4994590378409538,0.5073374192080875,0.512378326066232,0.5079002137654673,0.48749610045278574,0.5002653243180942,0.5052896724203434,0.5059839221865524,0.5388259548466623
4,20-25c,20,25,18,LightGBM,0.5630730993585602,0.5817843910484083,0.5832398850862974,0.5844769538728978,0.5652507026246486,0.5745250735221559,0.597049698310606,0.5630730993585602,0.5856754633846138,0.5908483191322826
4,25-30c,25,30,26,PySR (Symbolic Regression),0.6208331218969009,0.6372226095615362,0.630086932009749,0.6266551828862817,0.6382108841248445,0.6450994774543104,0.6508513246124631,0.6425282389234103,0.6459895292730364,0.6208331218969009
4,30-35c,30,35,31,Momentum-Adjusted Gaussian,0.44896099804937567,0.4590160131954495,0.4599809123859407,0.46207031257574355,0.44896099804937567,0.4536067344566104,0.4663713990890558,0.4571154098155865,0.4524078686264247,0.4728242363814572
4,35-40c,35,40,48,LightGBM,0.3953017547869571,0.41007600152396934,0.41065867130479017,0.4132495536692719,0.4110103497151112,0.4116235424166807,0.40335775598179263,0.3953017547869571,0.4168278457981234,0.4129277857127274
4,40-45c,40,45,42,Student-T df=5,0.32526033837189694,0.3295788854425017,0.32526033837189694,0.32770659375001215,0.3328549039874978,0.3320653022254399,0.3802809479891945,0.3607167110939572,0.37082407175372417,0.34152798278618357
4,45-50c,45,50,65,Momentum-Adjusted Gaussian,0.17110613020239476,0.17664339347944374,0.17811350284606833,0.18584819588067736,0.17110613020239476,0.1766261872967986,0.18641561298379927,0.18576668035107669,0.18610259620394687,0.20867352198157094
3,0-5c,0,5,18,LightGBM,0.6823543841342415,0.7096274696270619,0.7087832869626647,0.7082593209896267,0.6965745044824562,0.7068864444084407,0.7072434230059761,0.6823543841342415,0.6841467960355189,0.704899551371772
3,5-10c,5,10,10,Momentum-Adjusted Gaussian,0.6292721602928905,0.6418053400164362,0.6438688887077328,0.6451801874589682,0.6292721602928905,0.6316285138977673,0.6403708761696698,0.6309025966092424,0.6304083449455031,0.6540013818193241
3,10-15c,10,15,21,CatBoost,0.6437549928147656,0.650463703812114,0.6512681231251897,0.6518464312240396,0.6516125075772186,0.6478481039779291,0.6601038158459145,0.6542517653685815,0.6437549928147656,0.6566537462850074
3,15-20c,15,20,27,PySR (Symbolic Regression),0.6983534545113976,0.7156617566121669,0.7112244781485947,0.7086811796093307,0.7124611956659958,0.7198807223012856,0.7572985633843529,0.7744828225084718,0.7254690798352058,0.6983534545113976
3,20-25c,20,25,13,PySR (Symbolic Regression),0.7777180758976268,0.8356629573882309,0.8199901667476543,0.8109130003309288,0.8307627017995409,0.8542989540485905,0.8752102564883777,0.8764156949093465,0.8427840283579145,0.7777180758976268
3,25-30c,25,30,18,PySR (Symbolic Regression),0.7585822509844693,0.8212038896226649,0.7985636814882697,0.7861583676908794,0.8304741344645233,0.8431604970414451,0.85089742929634,0.8466610882985469,0.8740825076608156,0.7585822509844693
3,30-35c,30,35,20,LightGBM,0.4014582787388582,0.4141651259713307,0.4216520365333724,0.42711539290954426,0.4125910871010213,0.41293982373025767,0.4035361472586877,0.4014582787388582,0.4099785112049437,0.43550480627262245
3,35-40c,35,40,31,LightGBM,0.3054977985667737,0.31746168557542176,0.3285286860964228,0.3367077299978385,0.31996408760695166,0.31706141168726765,0.31515427786683503,0.3054977985667737,0.317179312277714,0.33764645394579973
3,40-45c,40,45,34,CatBoost,0.13610174392602423,0.1487635136584063,0.17295916509687648,0.18888789291405386,0.15479949481176167,0.14955731361421062,0.1403324679837616,0.15793778381345855,0.13610174392602423,0.1566870767038813
3,45-50c,45,50,82,Momentum-Adjusted Gaussian,0.09862550360847301,0.0988375102150044,0.11355618034851266,0.12703887575774567,0.09862550360847301,0.10275490677343703,0.10464944655117195,0.10792193207424292,0.10881319278820796,0.11166926710421919
2,0-5c,0,5,13,LightGBM,0.648695643703502,0.7085692868653553,0.7077445172249018,0.7072342952964245,0.6989242717944198,0.722877528348454,0.6923461991996533,0.648695643703502,0.6523562244213956,0.7040712604808649
2,5-10c,5,10,15,LightGBM,0.6889825153239839,0.690956295037602,0.6906707416882455,0.6905140158872901,0.6955321255214486,0.696119216968204,0.6922315576286958,0.6889825153239839,0.6939532016538649,0.6900654033515484
2,10-15c,10,15,12,LightGBM,0.5387546381966072,0.5682285789674703,0.5734355651972842,0.5767395712464428,0.5664142522321605,0.5576119039780426,0.5514976326561426,0.5387546381966072,0.5430320559005167,0.5971127606403619
2,15-20c,15,20,20,CatBoost,0.6052928086443046,0.6129300671380931,0.6140631243617397,0.6149718562505656,0.6121601280069757,0.6155235303686796,0.6124071523999547,0.6116631905495524,0.6052928086443046,0.6216692646260793
2,20-25c,20,25,11,XGBoost,0.3714417173187013,0.4164685518768034,0.4282514777810614,0.43577882590510764,0.40920194516947106,0.3983233921384795,0.3714417173187013,0.3807355801594157,0.3818966264947814,0.46912545920389886
2,25-30c,25,30,17,XGBoost,0.4312366216310841,0.47411479046787397,0.47930435765003443,0.4831529960450805,0.4560553157008713,0.4717903398202913,0.4312366216310841,0.43510750182030433,0.4547353266754533,0.4974492248048042
2,30-35c,30,35,22,Student-T df=3,0.5453138337674917,0.556725869297662,0.5484378676020604,0.5453138337674917,0.568939530775844,0.5658913136349922,0.5816025279403118,0.5895611679942163,0.5996130539746928,0.5457489841982407
2,35-40c,35,40,27,CatBoost,0.18851762645776357,0.21940826763627963,0.23966835246299356,0.25307120263765454,0.21164609050290914,0.21077411096527587,0.19716348178138593,0.19001367156693796,0.18851762645776357,0.26234653243902983
2,40-45c,40,45,40,CatBoost,0.19207210945324804,0.21176478478275046,0.22471857148916285,0.23551235342787097,0.21240240259345217,0.20878605109590315,0.19746476837520036,0.20584227568423213,0.19207210945324804,0.22250746426367166
2,45-50c,45,50,106,Standard Gaussian,0.1149040807866335,0.1149040807866335,0.12607478332401975,0.13815937253951083,0.1227510183702167,0.11679159664494178,0.11686146970854148,0.12006399628036601,0.11785142359744084,0.13238649637038138
