tte_bucket,momentum_bucket,momentum_bucket_start_cents,momentum_bucket_end_cents_exclusive,sample_size,best_model,best_log_loss,Standard Gaussian,Student-T df=5,Student-T df=3,Momentum-Adjusted Gaussian,Machine Learning (Logistic Regression),XGBoost,LightGBM,CatBoost,PySR (Symbolic Regression)
14,-23c,-23,-22,1,XGBoost,0.47092998057046564,0.6931471805599453,0.6931471805599453,0.6931471805599453,0.7339691741488779,0.48829525658141143,0.47092998057046564,0.6628784967490481,0.7541240651834595,0.6925206936087145
14,-8c,-8,-7,1,CatBoost,0.6165285371206433,0.967584038810052,0.9515182116072173,0.9416474343656611,1.0216512595356946,0.8900490454621289,0.9823835188816498,0.8720290206841074,0.6165285371206433,0.8851535070817746
14,-6c,-6,-5,1,PySR (Symbolic Regression),0.868616182640047,0.941608576538227,0.9273701560088031,0.9186062935125171,0.8915981552646368,1.0424555315553323,0.9894532162598085,0.9209372776832899,0.9084959807675549,0.868616182640047
14,-5c,-5,-4,3,Machine Learning (Logistic Regression),0.6523230743788333,0.6737242291791422,0.6746433495612424,0.6752175929374081,0.6870800836336471,0.6523230743788333,0.6768346902833238,0.6609228840654628,0.6844040273547024,0.6788495994076927
14,-4c,-4,-3,3,LightGBM,0.6770973688598717,0.7409869938927618,0.7386064072413122,0.7371253686801084,0.7838551071916443,0.6777763061636152,0.7466350451078476,0.6770973688598717,0.7024079233669238,0.7266905328912845
14,-3c,-3,-2,5,PySR (Symbolic Regression),0.8359210453330952,0.8978609477351401,0.8795121755159432,0.8688584964022766,0.9520955094697403,0.8702003211917011,0.8768255852450599,0.8552175330815528,0.8507821759271488,0.8359210453330952
14,-2c,-2,-1,15,Momentum-Adjusted Gaussian,0.6413588597620629,0.647859915264387,0.6469126861430019,0.6466659293924519,0.6413588597620629,0.6521706324706571,0.642869022044191,0.6496079856691026,0.6519405187778943,0.6469581140312658
14,-1c,-1,0,61,LightGBM,0.6470891568188079,0.6535452922333503,0.6543028660746475,0.6548906095849674,0.6515674653718002,0.6544748466105835,0.6536730624259925,0.6470891568188079,0.6594797463383524,0.6579166221458013
14,+0c,0,1,156,CatBoost,0.6306349629697353,0.6316219791280758,0.6337103093059596,0.635088085349444,0.6316219791280758,0.6321813151183977,0.6324951466931135,0.6434537911124284,0.6306349629697353,0.6411898283580137
14,+1c,1,2,62,PySR (Symbolic Regression),0.7125932524803105,0.730879486773296,0.7270401418809048,0.724800090197276,0.7333534321768242,0.7352401215578125,0.7322918322674028,0.725377169851308,0.7318436408570574,0.7125932524803105
14,+2c,2,3,13,Machine Learning (Logistic Regression),0.5986901156557631,0.6036103674588463,0.6076164685015201,0.6101388042131796,0.615287574222411,0.5986901156557631,0.6200901461419084,0.6279140900950628,0.5999794701078911,0.6254170602262585
14,+3c,3,4,12,Machine Learning (Logistic Regression),0.5216382728409689,0.5301195638368503,0.5374953246011586,0.5421472126433926,0.5258992674709405,0.5216382728409689,0.5529109416764463,0.5649101154232443,0.5425018014174513,0.563809172389351
14,+4c,4,5,1,Momentum-Adjusted Gaussian,0.5798184577339477,0.6161860996873879,0.6198063795080003,0.6220697132161161,0.5798184577339477,0.6240590527496453,0.6747740009181954,0.7407616198973257,0.6684313944250939,0.6365128288441423
14,+10c,10,11,1,XGBoost,0.18610233652920502,0.27443685825010666,0.2954071527814327,0.3085055665170585,0.2484613720982151,0.3028485619626749,0.18610233652920502,0.31211576611541697,0.19494606058419514,0.3524013418026666
13,-5c,-5,-4,1,LightGBM,0.6767134483485566,0.7985077227087252,0.7930820343259468,0.789715030458791,0.843970096978004,0.7309309217345558,0.7827050297171605,0.6767134483485566,0.7470997436190857,0.7673259838800189
13,-4c,-4,-3,3,Momentum-Adjusted Gaussian,0.6600222888872286,0.6771378441947976,0.6775361269387467,0.6778078097571373,0.6600222888872286,0.7124423817434091,0.6651802521840167,0.6824791203159779,0.6812786072754832,0.6794210910228626
13,-3c,-3,-2,7,Machine Learning (Logistic Regression),0.6571689080301099,0.6576288801907181,0.6575604486452988,0.65763562404504,0.6622578326533566,0.6571689080301099,0.6678824725297706,0.6693531527942829,0.6589625229191022,0.6574242023372262
13,-2c,-2,-1,17,Machine Learning (Logistic Regression),0.5470227161924436,0.5582155477533306,0.5632252764650606,0.5664761763462031,0.5752151203058211,0.5470227161924436,0.5494414647060417,0.5597326047457375,0.5592351137445287,0.5735301385282251
13,-1c,-1,0,47,Machine Learning (Logistic Regression),0.6376402611519189,0.6413541788888836,0.6416926550591254,0.6421298505951282,0.6502009330020028,0.6376402611519189,0.6408986321817427,0.6564001918824378,0.6396465210001451,0.6428650910455782
13,+0c,0,1,150,Machine Learning (Logistic Regression),0.5697767169146484,0.5723381533692721,0.5769139982551756,0.5799010484520046,0.5723381533692721,0.5697767169146484,0.5791204262496592,0.5788429843111993,0.5730473209749872,0.5918946306453812
13,+1c,1,2,43,Momentum-Adjusted Gaussian,0.6053902819666246,0.6088645000668625,0.6114539800176167,0.6132035012627652,0.6053902819666246,0.6092118007265218,0.6060194728365453,0.6182419396337805,0.6115279843130951,0.6136493698431882
13,+2c,2,3,23,PySR (Symbolic Regression),0.7397982556574627,0.7651392805711177,0.7576694309390694,0.7533528771086616,0.7788052521927608,0.7628514192639821,0.7605379900403068,0.7631651436588903,0.7694099613009667,0.7397982556574627
13,+3c,3,4,3,PySR (Symbolic Regression),0.8131387905625563,0.8635557473256373,0.8531439431579816,0.8467787850966095,0.8735479662845312,0.8860502281726169,0.830366420829283,0.887023272674948,0.8293341625726481,0.8131387905625563
13,+4c,4,5,2,LightGBM,0.6428407871161044,0.6909520010921183,0.686835251797038,0.6845760245552696,0.736798338088017,0.6623337404752712,0.6447708116138736,0.6428407871161044,0.6852910233997753,0.6572243649410132
13,+5c,5,6,2,Machine Learning (Logistic Regression),0.4364626389321719,0.4581453677997227,0.47028781482313725,0.4778393876238566,0.49121526834753326,0.4364626389321719,0.44435644880467656,0.44466216846908857,0.4405492613246782,0.4966273516565369
13,+6c,6,7,1,Machine Learning (Logistic Regression),0.23343820748812216,0.27443683864331553,0.2954071299255027,0.3085055445905024,0.30110508493060695,0.23343820748812216,0.3247209989357749,0.312474313810992,0.2767096315563182,0.35329318331079357
13,+8c,8,9,1,CatBoost,0.6990058280815449,0.8209805574884342,0.8142963825658405,0.8101530067416653,0.8675005723169873,0.7934410160301328,0.7624588344330646,0.7943741405656979,0.6990058280815449,0.7844652479067544
13,+9c,9,10,1,Momentum-Adjusted Gaussian,0.7765287956538238,0.8209805574884342,0.8142963825658407,0.810153006741665,0.7765287956538238,0.8731747037777132,1.0812397372945113,0.9213616989163658,1.0751612905804884,0.7830929797464997
13,+11c,11,12,1,CatBoost,0.2906098661153606,0.41551540422523675,0.42854637055423533,0.43672664146963314,0.3856624429016782,0.44840079050154924,0.29699830685674494,0.46030114628187346,0.2906098661153606,0.4801733645450221
13,+12c,12,13,1,CatBoost,0.1667030325429357,0.21072102837221335,0.23583429295195407,0.25143409112378806,0.18632957585757665,0.2418381459295995,0.16730445551138803,0.2767350764017691,0.1667030325429357,0.2847005672742546
13,+21c,21,22,1,XGBoost,0.28970559004261814,0.3424903391688498,0.3594162209910989,0.370027305652402,0.31471077484614857,0.40234609992775144,0.28970559004261814,0.38889520131626243,0.7903041553530185,0.4168561427268115
12,-10c,-10,-9,1,PySR (Symbolic Regression),1.1837413679823172,1.3862943611198906,1.3281724032065132,1.2940341328604608,1.309333321639447,1.5406461212159503,2.0254955949813627,1.2198644864872021,1.6531724018538416,1.1837413679823172
12,-5c,-5,-4,2,CatBoost,0.7518758448461849,0.7827105089456281,0.776908195549798,0.7733681932219063,0.7918850787797986,0.7873359795745043,0.78123699073172,0.7709765858116594,0.7518758448461849,0.7546232166009539
12,-4c,-4,-3,1,Momentum-Adjusted Gaussian,0.3424903129344106,0.3710636848461737,0.3864153995463595,0.3960474374922193,0.3424903129344106,0.37827715656683925,0.3972303631268476,0.4136219546186978,0.43083663017477525,0.4432001828723672
12,-3c,-3,-2,5,Machine Learning (Logistic Regression),0.4145581549657546,0.4235045412015547,0.4364604035229441,0.44457136274873116,0.4184985503144736,0.4145581549657546,0.42346645758743123,0.4624800403683986,0.4545981609446047,0.4831799586359728
12,-2c,-2,-1,22,PySR (Symbolic Regression),0.6617064865299013,0.6660010342633069,0.6650343913861166,0.6646132216079538,0.6642016367304105,0.677032458844474,0.6769748398443748,0.6823359465797864,0.6621131350751279,0.6617064865299013
12,-1c,-1,0,39,CatBoost,0.645496051981194,0.6533964691311778,0.6513551514640912,0.6504342431366192,0.6647597948730228,0.6522457019368687,0.650903600655443,0.6455330917017198,0.645496051981194,0.6480781839051347
12,+0c,0,1,122,XGBoost,0.5790104786190121,0.584700907054562,0.5876166782459522,0.5896969608176931,0.584700907054562,0.5871102931060289,0.5790104786190121,0.5836817898374307,0.5821665776784218,0.5915989452608824
12,+1c,1,2,53,PySR (Symbolic Regression),0.6498562315938384,0.6526779450271931,0.6520032392439636,0.6518435586183164,0.6636592133002929,0.6516880122144428,0.6620426843404237,0.6644367974136358,0.6539769988626325,0.6498562315938384
12,+2c,2,3,12,Standard Gaussian,0.615399020344506,0.615399020344506,0.6179523733877094,0.6196441393751172,0.6164227162117778,0.6169917688200083,0.6295734733742656,0.634213287840987,0.6251821631030555,0.6232499017163388
12,+3c,3,4,7,Momentum-Adjusted Gaussian,0.38389936497487376,0.3902812316177854,0.405739006968399,0.4153735218000564,0.38389936497487376,0.3848229317354327,0.4005706953017879,0.40691761055042225,0.41403173539913507,0.4247728934676873
12,+4c,4,5,1,PySR (Symbolic Regression),1.0048492110763747,1.1394343055401068,1.1091536173542607,1.0908243860437872,1.078809683723672,1.2240331989990503,1.075378896621977,1.1269439389335585,1.0874605236571517,1.0048492110763747
12,+5c,5,6,1,PySR (Symbolic Regression),1.0521054755491874,1.2039727645895069,1.167305342252385,1.1452634796610934,1.2729656316415892,1.1726617255953613,1.2156486675360596,1.1736880439249995,1.26438252848562,1.0521054755491874
12,+7c,7,8,1,PySR (Symbolic Regression),0.8323730692136415,0.8915981280064146,0.8806680981333712,0.8739191287362021,0.8439700796510721,0.9477879833103553,1.0362404639454157,0.9373910539692627,0.9807022274063852,0.8323730692136415
11,-4c,-4,-3,3,LightGBM,0.7536228445032456,0.8125726143489883,0.8031114965840093,0.7974539075111373,0.7663039743793575,0.8709204170796144,0.796378244973836,0.7536228445032456,0.7711108644601233,0.768565875906361
11,-3c,-3,-2,5,Momentum-Adjusted Gaussian,0.6697189425739769,0.6996972268835576,0.6976042934708573,0.6964227333177369,0.6697189425739769,0.7368129703934491,0.7092979391353558,0.7121160037684602,0.6964993356486635,0.6836187093835623
11,-2c,-2,-1,15,Momentum-Adjusted Gaussian,0.6112358130890498,0.6169203594418741,0.6173197351649814,0.6179567743477699,0.6112358130890498,0.6145949019179535,0.6261679832878932,0.6383071795154687,0.6219683996656545,0.6132502715820115
11,-1c,-1,0,48,Machine Learning (Logistic Regression),0.609568281961426,0.6139551659191284,0.6148060923792474,0.6156710694319459,0.6166307144623019,0.609568281961426,0.6214624967030583,0.6196732495669347,0.6141303676038973,0.6175035511602509
11,+0c,0,1,128,XGBoost,0.5287962449380048,0.5338228905746514,0.5374601464237134,0.5402981843406873,0.5338228905746514,0.5338904746444522,0.5287962449380048,0.5314028931474479,0.532417157056406,0.5469329696120805
11,+1c,1,2,47,Machine Learning (Logistic Regression),0.5523317642478722,0.5565501735422298,0.5628881796791172,0.5668719440230879,0.5598960497622167,0.5523317642478722,0.5714416450826018,0.5813797842245787,0.5695016987981897,0.5764238749204353
11,+2c,2,3,14,LightGBM,0.6574786825864932,0.6704421000671834,0.6701952925473866,0.6701361777430933,0.6657351360837025,0.6747550222834057,0.6621430060430102,0.6574786825864932,0.6589772236463756,0.6638007931798997
11,+3c,3,4,7,LightGBM,0.5546824587755961,0.5687081915696346,0.5741242549865788,0.5775439518467437,0.5732388173169823,0.5637579958216247,0.5547064527640276,0.5546824587755961,0.5681237324261389,0.5870984190506994
11,+4c,4,5,2,Machine Learning (Logistic Regression),0.11087556940365981,0.12886749494136224,0.15893448364989443,0.17757774107006125,0.1519057234958289,0.11087556940365981,0.13363362881820232,0.12306484644691987,0.11833441651088579,0.17207142042651888
11,+6c,6,7,2,LightGBM,0.5954239850934757,0.6509766308861599,0.6519982524963255,0.6527087114443866,0.6915497601370818,0.6203083095905904,0.6050687887548172,0.5954239850934757,0.6117212089395232,0.6534354190827412
10,-16c,-16,-15,1,Momentum-Adjusted Gaussian,0.07257069716097901,0.09431068340121791,0.1265199174742769,0.14646199673827562,0.07257069716097901,0.11572344746417865,0.22103384046925803,0.1069517331869508,0.269808327474663,0.12280362983028824
10,-8c,-8,-7,1,Momentum-Adjusted Gaussian,0.040821993588932556,0.06187540229138055,0.09470556555737818,0.11532107786263669,0.040821993588932556,0.0710074536382543,0.1289338487924669,0.05929940740716199,0.12158213213316746,0.055667803413241075
10,-7c,-7,-6,4,Machine Learning (Logistic Regression),0.5436640033896853,0.6009640474247373,0.6047567480798888,0.607181551960991,0.6402363164072192,0.5436640033896853,0.5718520894062555,0.6328226057507879,0.5810769946339532,0.6045824765914481
10,-5c,-5,-4,2,Machine Learning (Logistic Regression),0.5772258877982247,0.6541114491903991,0.6559657186721894,0.6571238001513742,0.6933472574568038,0.5772258877982247,0.7266939899866571,0.7214544860945321,0.7444239811897113,0.6642491490146637
10,-4c,-4,-3,2,Machine Learning (Logistic Regression),0.5031940669690603,0.5350124146916775,0.5425857716934899,0.5473378926700241,0.541763323592858,0.5031940669690603,0.5719580765042624,0.5338604080641706,0.5545448568254709,0.5687614453551215
10,-3c,-3,-2,9,PySR (Symbolic Regression),0.7604417061235745,0.8226762570231811,0.8027377164400307,0.7918240323005329,0.855347715838451,0.8277856871782503,0.8535396296289579,0.8388233365927297,0.8365190878102402,0.7604417061235745
10,-2c,-2,-1,18,XGBoost,0.5743390834010351,0.5930072880872832,0.5965830971839591,0.5989330517596891,0.6030704436472477,0.5919311953440314,0.5743390834010351,0.579187451377193,0.5853479169780846,0.595369357085588
10,-1c,-1,0,45,Machine Learning (Logistic Regression),0.4951690468065086,0.5047947019280697,0.5098967717720769,0.5137544045261542,0.5008577510295035,0.4951690468065086,0.5135255829968429,0.5035251075775246,0.512510694948533,0.53071267772998
10,+0c,0,1,146,PySR (Symbolic Regression),0.5964804477620312,0.5979343899740515,0.5972205384095784,0.5975249604037516,0.5979343899740515,0.5975903209149832,0.5988908196172728,0.6009241468474675,0.5985026141624062,0.5964804477620312
10,+1c,1,2,42,XGBoost,0.5642031669086081,0.5686919675254299,0.5695277300500404,0.5707410714455248,0.5667391992601566,0.5690835779348519,0.5642031669086081,0.5656081027723473,0.5648165770490501,0.5718914329376189
10,+2c,2,3,12,Machine Learning (Logistic Regression),0.5738042574520865,0.5767360827227156,0.5797179445856436,0.5818432226154957,0.5854211212984765,0.5738042574520865,0.5837170832666881,0.5834549834894458,0.5745126341280665,0.5775004696150241
10,+3c,3,4,9,LightGBM,0.4475488137488594,0.47453358192651,0.48495459026649634,0.49148799656442244,0.48814681471654886,0.46457920228735244,0.48907086196398947,0.4475488137488594,0.47912969999798377,0.5240061792288129
10,+4c,4,5,4,Momentum-Adjusted Gaussian,0.48627199691909506,0.5047261728995533,0.5135400989855421,0.5190760787951276,0.48627199691909506,0.5019250872775225,0.5272909920301161,0.5242811654962738,0.5275237723509105,0.5477441589279133
10,+6c,6,7,1,Momentum-Adjusted Gaussian,0.7339691586268351,0.7765287713584524,0.7722955376558297,0.7696658091213869,0.7339691586268351,0.8012861222066539,0.8786197011070149,0.8636222796812173,0.8782792664240189,0.7518524648479565
10,+7c,7,8,1,CatBoost,0.5578844000191139,0.7339691353437714,0.7319483958747273,0.7306907334146528,0.7765287470630817,0.7200718078179046,0.6110601256251262,0.5918186006282904,0.5578844000191139,0.7229996813221861
10,+12c,12,13,1,CatBoost,0.4690258238559889,0.6733445719632621,0.6742957497805424,0.6748891826104149,0.7133499064278901,0.637181797640529,0.5301464606085909,0.5943022244821526,0.4690258238559889,0.6794798428212977
10,+29c,29,30,1,CatBoost,0.16207089708970296,0.4942962983637726,0.5035069551014978,0.5092848894445405,0.5276327170787288,0.38979723440938696,0.3962102045045574,0.5213710473019751,0.16207089708970296,0.5450002410450809
9,-11c,-11,-10,1,PySR (Symbolic Regression),0.01005033585350145,0.040821993588932556,0.07278479440540088,0.09337813725187137,0.020202706861361452,0.05355504817900938,0.15138678110480128,0.0455070968661409,0.1474337365689889,0.01005033585350145
9,-8c,-8,-7,2,Momentum-Adjusted Gaussian,0.1234620466764452,0.14638081542384357,0.17545377195716333,0.19347089045084506,0.1234620466764452,0.15461494190309116,0.1624957970163209,0.14169452744821717,0.1713676182595818,0.19706672383027352
9,-6c,-6,-5,1,XGBoost,0.14386103097986408,0.21072102837221335,0.23583429295195407,0.25143409112378806,0.18632957585757665,0.21390753988678338,0.14386103097986408,0.17719315196020904,0.17247030804918953,0.2855340442158155
9,-5c,-5,-4,2,Machine Learning (Logistic Regression),0.20472616241750513,0.22392544065881484,0.24825157657232752,0.26336204455925233,0.24944855496797147,0.20472616241750513,0.27416345351334287,0.23644301169172596,0.25365553216945547,0.27916685103437455
9,-4c,-4,-3,1,Standard Gaussian,0.08338159079850715,0.08338159079850715,0.11596133316245656,0.13619055399996255,0.10536049661745385,0.08799715428779036,0.14241373732863108,0.13768265045941622,0.10660396186565047,0.10145632060978334
9,-3c,-3,-2,4,XGBoost,0.6299191443634373,0.7084658895571652,0.6977937974789614,0.6922384852552329,0.6619952814837498,0.7431553182213286,0.6299191443634373,0.6501987776023817,0.6476583843579682,0.6566916094262801
9,-2c,-2,-1,18,LightGBM,0.48649039183470333,0.509063283291206,0.5158959530672624,0.5203801773709555,0.5164170697325432,0.5002963454444358,0.4928624250465589,0.48649039183470333,0.5001706592780745,0.5219357832908531
9,-1c,-1,0,44,CatBoost,0.5556672104542811,0.5696977923576831,0.5712391928569378,0.5729157413774958,0.5661884158150042,0.5696747727801388,0.5586470736155495,0.5705737001126163,0.5556672104542811,0.5632533460327208
9,+0c,0,1,123,CatBoost,0.46453229534317214,0.4682003754317302,0.47782842862847275,0.48403166190374913,0.4682003754317302,0.4708198259818102,0.4674125111968434,0.4709597763594002,0.46453229534317214,0.48073703443839494
9,+1c,1,2,59,XGBoost,0.5701699964729494,0.5790617252467787,0.5795709712435414,0.5805220093335665,0.5844192028089477,0.5793037172559015,0.5701699964729494,0.574093383163175,0.5724820137375298,0.5725260862391662
9,+2c,2,3,17,LightGBM,0.584878767875369,0.6412977785956206,0.6372805436924933,0.6355759985175067,0.6243246414759288,0.6580081548930543,0.6238247813299816,0.584878767875369,0.6341765231177479,0.6302627299869631
9,+3c,3,4,6,Machine Learning (Logistic Regression),0.4622539757281299,0.4724975938382549,0.4809548964959538,0.4864638087939473,0.48026432657437224,0.4622539757281299,0.48920582764206805,0.5195491882311124,0.49877564642001904,0.4870730867684833
9,+4c,4,5,1,Machine Learning (Logistic Regression),0.4679073338249257,0.4942962983637726,0.5035069551014978,0.5092848894445405,0.5276327170787288,0.4679073338249257,0.5902578905624952,0.5748165907505415,0.5278085226750883,0.5450002410450809
9,+6c,6,7,1,XGBoost,0.15527135830105365,0.19845094744646924,0.22438762644004973,0.2404797841634145,0.17435339619191137,0.21641379612905498,0.15527135830105365,0.16808414271558386,0.15911026218086827,0.2705081693905807
9,+8c,8,9,1,LightGBM,0.8644499055621976,0.9942522604563763,0.9762280965612959,0.9651759668792864,1.0498221095975167,0.9632958943982982,0.9926921585627178,0.8644499055621976,1.1582056932156266,0.9052119819578951
9,+9c,9,10,1,Machine Learning (Logistic Regression),0.242837210492867,0.2876820724517809,0.3078318030165453,0.3204291750071178,0.31471074422732376,0.242837210492867,0.3425983469420723,0.34159139154650336,0.2660627699077511,0.36637602901382044
9,+14c,14,15,1,CatBoost,0.0916755734323868,0.1625189014485307,0.19085815637529235,0.20838415383876574,0.13926204044290677,0.1933236794505656,0.11216005880094389,0.15921368057392965,0.0916755734323868,0.22597989324445283
8,-22c,-22,-21,1,CatBoost,0.24931386606021397,0.3011050798964309,0.3204396242965081,0.33253735819485314,0.2744368337416178,0.39317688515688975,0.4030150678525428,0.328501203492156,0.24931386606021397,0.3793519719594695
8,-3c,-3,-2,5,Momentum-Adjusted Gaussian,0.6330494750815024,0.6599113446808563,0.6563909331744018,0.6546458826851255,0.6330494750815024,0.6752208731747324,0.6351250384672619,0.6770733388234739,0.6419102679736726,0.6604501442782211
8,-2c,-2,-1,15,XGBoost,0.4998586462899005,0.508425298173258,0.5169440912221143,0.5223203747040587,0.5092866422547587,0.5137786218997724,0.4998586462899005,0.5013095358658516,0.5030233353092534,0.5167749252855022
8,-1c,-1,0,52,Standard Gaussian,0.4560332154540286,0.4560332154540286,0.4606517242272459,0.4649540472003065,0.45732998708213474,0.4581947006413748,0.471544436174388,0.46892610081536773,0.465490740411024,0.4638690829960407
8,+0c,0,1,133,Machine Learning (Logistic Regression),0.4526822844115614,0.45872078856213805,0.4645100195135969,0.46912122740344236,0.45872078856213805,0.4526822844115614,0.4611693078351829,0.4667649492485284,0.4590098823234201,0.4801170169709266
8,+1c,1,2,49,XGBoost,0.438839257587311,0.4516861782575662,0.46186081631988646,0.46842285250374066,0.44424015248716103,0.45586953029918736,0.438839257587311,0.4404713592444077,0.4396151399818519,0.4656775564213026
8,+2c,2,3,21,XGBoost,0.5207673101887943,0.551942537563143,0.5463714004666741,0.5450793918667495,0.5684391914069394,0.546613145517957,0.5207673101887943,0.5377933009907487,0.5433087346702825,0.5442340634067357
8,+3c,3,4,7,LightGBM,0.4192315929063049,0.4412983265831337,0.45397445896336436,0.4618729194384046,0.4740075284409369,0.4236156891210836,0.44509327221311096,0.4192315929063049,0.43391904033535916,0.4805303071333051
8,+4c,4,5,2,LightGBM,0.5901353451533139,0.7181626040754197,0.7161392474561966,0.7149212018442427,0.7607134712522468,0.7067578638758164,0.663832460699581,0.5901353451533139,0.6667305574175095,0.708943238242957
8,+5c,5,6,2,PySR (Symbolic Regression),0.8537146112981246,0.9419374053410312,0.906602844552538,0.8871425551054244,1.0079517883831959,0.894740625613078,0.9470468200542204,0.9671479786839324,0.9849130636882737,0.8537146112981246
8,+7c,7,8,1,PySR (Symbolic Regression),1.0743756188818434,1.2378743847762739,1.1976056268981754,1.1734936748441218,1.17118300986322,1.3490239636075916,1.2229970893320568,1.2197239389562287,1.263649527657212,1.0743756188818434
8,+9c,9,10,1,CatBoost,0.33772106409268354,0.4620354671654025,0.4727745194332885,0.4795145796243985,0.4307829241161565,0.4831384088491558,0.4356948652651893,0.5923680335642716,0.33772106409268354,0.5182802381734486
8,+10c,10,11,1,XGBoost,0.1290507975023519,0.1625189365100861,0.19085818692285797,0.20838418309973797,0.18632958483417977,0.13232892605897023,0.1290507975023519,0.1512759787004393,0.15620600414061542,0.22676578103121892
8,+24c,24,25,1,Momentum-Adjusted Gaussian,0.7765287956538238,0.8209805574884342,0.8142963825658407,0.810153006741665,0.7765287956538238,0.9436134981435971,1.0788432228562743,0.8013653957393578,1.583064339670249,0.7830929797464997
7,-6c,-6,-5,1,Machine Learning (Logistic Regression),0.23081865212296004,0.2613647889051693,0.2831601846627415,0.296760474032687,0.2876820972870499,0.23081865212296004,0.2732594188289741,0.2883686047225221,0.3072597046852044,0.33920414099305335
7,-5c,-5,-4,2,Machine Learning (Logistic Regression),0.30454689947561353,0.322178516710206,0.3403212597027545,0.3516801089921129,0.3235136312001654,0.30454689947561353,0.3503848020192985,0.3631126579370173,0.32732290666796504,0.39796580224802053
7,-4c,-4,-3,2,Machine Learning (Logistic Regression),0.41113206038850325,0.4611544150821587,0.4722590437307408,0.47921808667335264,0.49362492301092364,0.41113206038850325,0.5569296235971517,0.5313154791281652,0.5185028632485933,0.5131654620558768
7,-3c,-3,-2,6,XGBoost,0.47886145669742386,0.5302974933483368,0.5324602866720743,0.5347326212235098,0.5120457379652966,0.5380516921568248,0.47886145669742386,0.5026688298395428,0.4814839866108725,0.5161118920564963
7,-2c,-2,-1,15,Standard Gaussian,0.41630757813286573,0.41630757813286573,0.4257377901663771,0.4321943864959407,0.42654519646841443,0.4211896278707705,0.42358512623775024,0.4362288894985281,0.4266101482895372,0.4309762905434438
7,-1c,-1,0,36,PySR (Symbolic Regression),0.5543851125989739,0.5682987716923841,0.5641587918161517,0.5632489735132863,0.5799030416831358,0.5704690750107597,0.5866290496060267,0.5801539069143746,0.587190387554664,0.5543851125989739
7,+0c,0,1,116,CatBoost,0.44420265623917793,0.445665495702353,0.45037582839148665,0.45509880115674006,0.445665495702353,0.4458218735456837,0.4485571361310291,0.45723636885850993,0.44420265623917793,0.46425741530284875
7,+1c,1,2,51,Momentum-Adjusted Gaussian,0.505430163318929,0.5152608683231888,0.5174046741480398,0.5198021652334357,0.505430163318929,0.5219184215716333,0.5158087909683977,0.520406702718847,0.5160707390528679,0.5062662362519481
7,+2c,2,3,20,Machine Learning (Logistic Regression),0.4378887492064945,0.43954986105823046,0.44923413808424006,0.4556288049676577,0.4486477729292142,0.4378887492064945,0.4410690591823799,0.4521938267185739,0.4458703231335227,0.45304843892880237
7,+3c,3,4,6,CatBoost,0.422932671215334,0.44115702040110943,0.454044828887547,0.4620605060321756,0.4490978938297923,0.44511138767928005,0.439163795713639,0.43471285752020017,0.422932671215334,0.4788675274223359
7,+4c,4,5,4,Student-T df=3,0.7709547209556545,0.9398133331603596,0.8185079118209401,0.7709547209556545,1.1074512583250975,0.8528737413160165,0.9178404605339769,0.8980994159923447,0.8035840758852627,1.3162467337831392
7,+5c,5,6,3,CatBoost,0.29180845650769066,0.3190375779483304,0.3376830071644043,0.34932309921306975,0.3126171709136662,0.3170269602856663,0.32677835473215827,0.3411379954895533,0.29180845650769066,0.3902297565735333
7,+6c,6,7,1,Momentum-Adjusted Gaussian,0.051293287329105784,0.07257068514391356,0.10537376626359085,0.12583304509453938,0.051293287329105784,0.09206340329971292,0.10740203065783341,0.1061151017010005,0.08333300711775336,0.07924375347129183
7,+8c,8,9,1,PySR (Symbolic Regression),1.181696354026823,1.3862943611198906,1.3281724032065128,1.2940341328604608,1.309333321639447,1.5245074674456989,1.2923742386628716,1.2288093602206105,1.378354896691028,1.181696354026823
6,-18c,-18,-17,1,XGBoost,0.22227592027419776,0.35667496096863105,0.37281071638896374,0.382931042977108,0.38566249768535854,0.2593518732451927,0.22227592027419776,0.43011077786172847,0.2525128215723054,0.4295555754822206
6,-7c,-7,-6,1,LightGBM,0.0680865000276439,0.12783336846192012,0.15835327055237083,0.17719722003542748,0.10536051317429944,0.13387567411187884,0.13327119260039583,0.0680865000276439,0.09060008199284046,0.17808947540718548
6,-4c,-4,-3,1,LightGBM,0.7091850092208162,0.9162907914788017,0.9037606821046232,0.896035500460502,0.8675006255354217,1.01023173936413,0.7442438115076054,0.7091850092208162,0.8810881314567288,0.8510070336468998
6,-3c,-3,-2,8,CatBoost,0.8940381523324263,1.011188480506636,0.932769551080876,0.8986086066281709,0.9470941589156178,0.9965423792193966,0.9447291462784095,0.9790079664210207,0.8940381523324263,1.1481423055348656
6,-2c,-2,-1,15,Student-T df=3,0.6347383737293153,0.6842279716925223,0.6490101543364791,0.6347383737293153,0.7262689660927772,0.6873917340764704,0.6749432535523264,0.6864599712286166,0.7129026290604654,0.7100522943089966
6,-1c,-1,0,38,Momentum-Adjusted Gaussian,0.4922272170661168,0.49421029613839096,0.5011195345233129,0.5058168346617588,0.4922272170661168,0.49600063437896513,0.5081907652115724,0.5056656141570954,0.5029737156871809,0.4991094681110347
6,+0c,0,1,128,PySR (Symbolic Regression),0.4406701400419337,0.447590356700979,0.4539441255140668,0.4589330202035748,0.447590356700979,0.4503757639177589,0.4461932465391021,0.448231645313092,0.4490556881867179,0.4406701400419337
6,+1c,1,2,47,Momentum-Adjusted Gaussian,0.47882629585332925,0.4819252747483942,0.48770386423347845,0.4919207049184844,0.47882629585332925,0.486838298003562,0.48298630773340284,0.5010832059280267,0.4829752408400656,0.47896440404613977
6,+2c,2,3,17,Momentum-Adjusted Gaussian,0.611971355164651,0.6274741173809929,0.6239503578083575,0.6227224039368483,0.611971355164651,0.6380307372650552,0.6531181887450029,0.6475214669894934,0.6418459128443238,0.6148753152795616
6,+3c,3,4,3,LightGBM,0.6705124166863748,0.7143288072427061,0.7019131853343797,0.6953308274184961,0.7040984549552213,0.7385896221909638,0.7084310107369368,0.6705124166863748,0.722803228269175,0.6735906296446106
6,+4c,4,5,1,PySR (Symbolic Regression),0.9641062019707952,1.0788097385073556,1.053989026866762,1.0388766379137473,1.1394343637477709,1.0718193225372876,1.085918255601283,1.0321370204219842,1.112367052984196,0.9641062019707952
6,+6c,6,7,1,PySR (Symbolic Regression),0.01005033585350145,0.04082201687199717,0.07278481760053276,0.09337816079196841,0.02020272966926149,0.059176453147947415,0.04036763469264604,0.04738178314179973,0.057476502535373265,0.01005033585350145
6,+8c,8,9,1,PySR (Symbolic Regression),0.9641062019707952,1.0788097385073556,1.053989026866762,1.0388766379137473,1.1394343637477709,1.0492094516701571,1.2571095929772467,1.0480579234457381,1.4906176621351268,0.9641062019707952
5,-10c,-10,-9,1,XGBoost,0.9825309424246605,1.2378743847762739,1.1976056268981754,1.1734936748441218,1.3093333492341903,1.1431889035578726,0.9825309424246605,1.2327891974066723,1.3899596013382733,1.0743756188818434
5,-7c,-7,-6,1,Machine Learning (Logistic Regression),0.5902408833452154,0.6931471805599453,0.6931471805599453,0.6931471805599453,0.7339691741488779,0.5902408833452154,0.8843838483593601,0.8785517038470501,0.9157310942455168,0.6925206936087145
5,-5c,-5,-4,2,CatBoost,0.3217494347207558,0.3603619818117385,0.3765979593949036,0.386757045588622,0.36324858814445204,0.3355335615884595,0.3575579569952012,0.3736560939007827,0.3217494347207558,0.42941749557288633
5,-4c,-4,-3,1,LightGBM,0.18327645437174014,0.19845094744646924,0.22438762644004973,0.2404797841634145,0.22314355969611296,0.18376282564122445,0.18449194589253212,0.18327645437174014,0.21624405159649635,0.2705081693905807
5,-3c,-3,-2,7,Machine Learning (Logistic Regression),0.27216506863027995,0.2950205809257227,0.3155664209979529,0.3283829289359222,0.2969690953903452,0.27216506863027995,0.2914075467871949,0.3064850867080036,0.29106559744093713,0.3328567858271677
5,-2c,-2,-1,13,LightGBM,0.5496980220173472,0.5855316657615981,0.5868465604045252,0.5880967214831168,0.5872814190309892,0.5889756429211629,0.5707169759072066,0.5496980220173472,0.5691562144708411,0.570827063494739
5,-1c,-1,0,33,Momentum-Adjusted Gaussian,0.3666808524005802,0.36950263938391337,0.38086208437527375,0.3889441699572825,0.3666808524005802,0.3781256660044917,0.3871626618446175,0.38414220337248717,0.3734223664897745,0.38317746281372317
5,+0c,0,1,132,Standard Gaussian,0.4162675562107256,0.4162675562107256,0.42279024032246304,0.4281011067039333,0.4162675562107256,0.42136538688366304,0.4283937304591552,0.4299229275156114,0.4285462202774398,0.4179263743366093
5,+1c,1,2,56,PySR (Symbolic Regression),0.43882993558486705,0.4394573535398122,0.4421848703020734,0.4457317703634411,0.4446747417827603,0.4390954903646743,0.44629724528978415,0.45714895951429213,0.44311826815489724,0.43882993558486705
5,+2c,2,3,13,Momentum-Adjusted Gaussian,0.47491646236076335,0.48059670413872646,0.4821494730794912,0.4845490865260368,0.47491646236076335,0.4875891923737396,0.5148538864086173,0.5293902461373714,0.4981130729795395,0.4785359343028949
5,+3c,3,4,9,CatBoost,0.3158527160302181,0.3243502912320305,0.3421880399010445,0.3535211340131605,0.32050730982442044,0.32393680615396353,0.3293756861338311,0.3194189973391874,0.3158527160302181,0.3620771347602372
5,+4c,4,5,1,Machine Learning (Logistic Regression),0.38549666236434965,0.4155154493802699,0.4285464019691555,0.4367266718334998,0.44628710751786305,0.38549666236434965,0.4354569136601979,0.40573153413815044,0.44839549792408956,0.4811868684654787
5,+5c,5,6,2,LightGBM,0.40210029860760566,0.5150097147084124,0.5244651872258678,0.5303132528391278,0.5277763647381122,0.5215544021403342,0.4593180757609454,0.40210029860760566,0.4760064030777126,0.521495339454737
5,+6c,6,7,1,LightGBM,0.5670176976902785,0.6931471805599453,0.6931471805599453,0.6931471805599453,0.7339691741488779,0.6911374893158542,0.6180774094404423,0.5670176976902785,0.6270786995544525,0.6937740602431305
4,-10c,-10,-9,2,LightGBM,0.7809109496467865,0.8507766181209973,0.8386811838866595,0.8314234770290538,0.8032212193433543,0.9886956528388757,1.1515720268186693,0.7809109496467865,1.016992743593198,0.8019271027304149
4,-5c,-5,-4,1,CatBoost,0.21305077702949773,0.27443683864331553,0.2954071299255027,0.3085055445905024,0.24846135299416222,0.2815135394428906,0.2292909800215901,0.2443901869007205,0.21305077702949773,0.35329318331079357
4,-4c,-4,-3,3,CatBoost,0.23297710307633648,0.29699130224846665,0.31329442421949905,0.32451672064092163,0.2764047805656253,0.3210334513909292,0.2805471533136948,0.28308585610797865,0.23297710307633648,0.33334350534367635
4,-3c,-3,-2,5,PySR (Symbolic Regression),0.5231851350569372,0.54573035792706,0.5497275259511433,0.5525461388391996,0.5617933217107479,0.546969117368371,0.5589151058977545,0.5692833438756029,0.556581286242892,0.5231851350569372
4,-2c,-2,-1,11,PySR (Symbolic Regression),0.40586006301596955,0.425232146387408,0.4353016399343129,0.4421148048137104,0.4320417066043784,0.42659533412140377,0.43698480182976546,0.42520596199203536,0.4402644562846636,0.40586006301596955
4,-1c,-1,0,33,PySR (Symbolic Regression),0.4456570414905869,0.46102475903243384,0.4568520755677894,0.45709267165463496,0.4535186928452316,0.46034506865198627,0.44802666716551953,0.4613510032121207,0.47496290446202966,0.4456570414905869
4,+0c,0,1,142,CatBoost,0.3439834886616599,0.3522119505517265,0.3612488840301948,0.3686373484737687,0.3522119505517265,0.34868562484202004,0.3449542228060267,0.34782610450822793,0.3439834886616599,0.35366226260594513
4,+1c,1,2,31,Student-T df=3,0.5545338819411153,0.5874662968453085,0.5621577087563715,0.5545338819411153,0.579749428485138,0.5751584610115865,0.5934561630772943,0.5830448267227821,0.580684128016886,0.6119716533851088
4,+2c,2,3,15,XGBoost,0.38766189021651204,0.42364159894431846,0.42060522627879443,0.4221866051467015,0.43843031550500045,0.41589694061131394,0.38766189021651204,0.40488979149737736,0.41817790241455893,0.4355869208515584
4,+3c,3,4,5,Machine Learning (Logistic Regression),0.3568180706269088,0.3661556122182436,0.38224090941716626,0.3923334416224108,0.37108048461570287,0.3568180706269088,0.38049025926589425,0.37489351563890405,0.3613834756082156,0.4113314358890975
4,+4c,4,5,5,Momentum-Adjusted Gaussian,0.2558790999435769,0.2626661674514799,0.28432068948108924,0.2979047966541587,0.2558790999435769,0.25980142805002127,0.29357351303814694,0.2790229263099708,0.2579921352276871,0.30159335906512086
4,+5c,5,6,1,PySR (Symbolic Regression),1.2437895189765766,1.4696759519183977,1.399984086451336,1.359543488478926,1.3862943462187296,1.5896019828009873,1.2653993530827417,1.3903325814665493,1.5353548666534982,1.2437895189765766
3,-13c,-13,-12,1,Momentum-Adjusted Gaussian,0.13926207469844942,0.1625189365100861,0.19085818692285797,0.20838418309973797,0.13926207469844942,0.18667317834283473,0.14829056293665788,0.14049948432392206,0.14449058199930578,0.22676578103121892
3,-10c,-10,-9,1,CatBoost,0.054153597550988475,0.1625189014485307,0.19085815637529235,0.20838415383876574,0.18632954892776768,0.13900724626607736,0.0792289784708375,0.11681594326047856,0.054153597550988475,0.22597989324445283
3,-9c,-9,-8,1,Machine Learning (Logistic Regression),0.555719643575578,0.6733445719632621,0.6742957497805424,0.6748891826104146,0.7133499064278901,0.555719643575578,0.5662787729979492,0.8886064586664886,0.8711330560846687,0.6782442536580942
3,-3c,-3,-2,6,Machine Learning (Logistic Regression),0.5404388277729133,0.5478054916633232,0.5495371428906642,0.5512045066081869,0.5511983653356692,0.5404388277729133,0.5418111782345719,0.5451313850036928,0.5673309367837268,0.5416982795205102
3,-2c,-2,-1,10,CatBoost,0.4412304438055588,0.47350944018975777,0.48109584216684365,0.48616297536399333,0.4560238268089213,0.47932109595385536,0.460523680974234,0.465215641887621,0.4412304438055588,0.48584581907833735
3,-1c,-1,0,35,XGBoost,0.25581636053466866,0.2591834400279014,0.2783044007312561,0.2908803154085105,0.2666241548515959,0.25827986417479876,0.25581636053466866,0.26680931308901895,0.2634050796116693,0.27769171173512996
3,+0c,0,1,145,XGBoost,0.29222351251380857,0.30182841224900075,0.31354122958046504,0.3227612124828733,0.30182841224900075,0.30114054140233776,0.29222351251380857,0.3016437201530503,0.29751806207474546,0.31514054274915443
3,+1c,1,2,39,PySR (Symbolic Regression),0.4214910748254672,0.4306786571090994,0.42802390184912154,0.42970846211818214,0.44266324761256487,0.42789541818313237,0.427895418896348,0.42351363687784815,0.43045433381948267,0.4214910748254672
3,+2c,2,3,10,PySR (Symbolic Regression),0.7523179463396957,0.793924025523267,0.7697172899877166,0.7578682619724384,0.8336877779856244,0.7786602485047116,0.7840651178413796,0.8689327630155897,0.8299360050591982,0.7523179463396957
3,+3c,3,4,5,LightGBM,0.20701225972097598,0.2393734201413476,0.26261821184714096,0.2770918100481409,0.24498186885472584,0.22585031845291043,0.21902652587769983,0.20701225972097598,0.2075329999154895,0.3062697894731209
3,+4c,4,5,2,Machine Learning (Logistic Regression),0.3735899457210707,0.3902247647190088,0.40539359612324777,0.41485182516324753,0.3860952036827218,0.3735899457210707,0.39184889886046337,0.4526934029434046,0.3799315552230655,0.4480755808991521
3,+8c,8,9,1,LightGBM,0.2750242030822322,0.3710636848461737,0.3864153995463595,0.3960474374922193,0.4004775694883954,0.33043775561112304,0.2801165553616062,0.2750242030822322,0.32938547555134273,0.4432001828723672
3,+10c,10,11,1,CatBoost,0.336050431230703,0.47803579325207796,0.4880117085314522,0.4942714556275112,0.44628709587633086,0.4963388119779528,0.41722227535466605,0.5294660014469041,0.336050431230703,0.5310693869568542
2,-7c,-7,-6,1,CatBoost,0.4513014111531824,0.7339691353437714,0.7319483958747273,0.7306907334146528,0.693147143307043,0.8562599137104073,0.5389913747463743,0.5229391305109828,0.4513014111531824,0.7229996813221861
2,-4c,-4,-3,4,CatBoost,0.18498136781477942,0.22042778159770693,0.24462641568231588,0.25974075444980144,0.2230138894786782,0.2050823324625416,0.243694373701315,0.2301207659553893,0.18498136781477942,0.2735547402646939
2,-3c,-3,-2,4,CatBoost,0.2889145762540446,0.36500460289282766,0.3813118082129232,0.3914907881049642,0.36426119554942715,0.36061187453067045,0.33497464143872746,0.32921488009954336,0.2889145762540446,0.42890872352352327
2,-2c,-2,-1,12,CatBoost,0.27389936842432444,0.2964098178177477,0.3164509317647702,0.32902920327121427,0.2998501695707207,0.2832267299957661,0.27408527345778755,0.2788717842611784,0.27389936842432444,0.33667509378538146
2,-1c,-1,0,35,LightGBM,0.36313815461286064,0.39303787624772785,0.3773968863774387,0.3778419217245572,0.398375530859553,0.37612726045355827,0.36870351766355086,0.36313815461286064,0.36671801350531835,0.40044439190595776
2,+0c,0,1,142,XGBoost,0.22949529361505397,0.23266383849692054,0.2503314550503797,0.26277283644240046,0.23266383849692054,0.23727316050440425,0.22949529361505397,0.23587643414772064,0.2316679936364244,0.235679552706071
2,+1c,1,2,47,PySR (Symbolic Regression),0.33752587388872995,0.3477632731001503,0.35789986083258596,0.36555040808150296,0.3464261065257944,0.35361313488363777,0.3529969414752718,0.35412625139712406,0.3530960931015575,0.33752587388872995
2,+2c,2,3,12,XGBoost,0.41641513454503115,0.4457967097332259,0.4547686426066058,0.46081848945236875,0.45353400801989524,0.4434581937791859,0.41641513454503115,0.41958157493537435,0.4347168845260834,0.461296270674645
2,+3c,3,4,6,LightGBM,0.2518911700312779,0.3155427161923198,0.33445082505574747,0.3462985377923204,0.3253949062683379,0.30620439510956404,0.2759327293484188,0.2518911700312779,0.2894627804690289,0.363240027104041
2,+5c,5,6,1,XGBoost,0.23863638648940125,0.31471075953673605,0.333236073311206,0.3448360151631972,0.34249032342818625,0.2814932090733765,0.23863638648940125,0.2534675646466556,0.23884574165031333,0.39223854013884735
2,+10c,10,11,1,LightGBM,0.5004234105213032,0.7550225234052059,0.7519222527576221,0.7499944679166575,0.7985076316460752,0.7369899293288971,0.6028758959669445,0.5004234105213032,0.5407507921065552,0.7379629119715684
2,+11c,11,12,1,CatBoost,0.4105442544775689,0.6539264467742872,0.655795379062519,0.656962238093291,0.6931471582082037,0.6299001333905331,0.5136680427323298,0.4922140868259455,0.4105442544775689,0.6653782620623911
2,+15c,15,16,1,CatBoost,0.09059787916221097,0.21072102837221335,0.23583429295195407,0.25143409112378806,0.18632957585757665,0.24098762546242386,0.13800074642703902,0.22423202080747695,0.09059787916221097,0.2847005672742546
2,+21c,21,22,1,Momentum-Adjusted Gaussian,0.01005033585350145,0.020202687854778488,0.048763561656532464,0.06843243437506027,0.01005033585350145,0.040437128951924,0.02464713528051641,0.03038977220656777,0.04377789773190436,0.01005033585350145
