tau_bin,distance_bin,trade_count,avg_implied_prob,actual_win_rate,magnetism_penalty
0.0,0.0,1231,0.4984321689683184,0.3436230706742486,0.1548090982940698
0.0,5.0,1892,0.49893763213530656,0.39006342494714585,0.10887420718816071
0.0,10.0,2054,0.4840993184031157,0.3646543330087634,0.11944498539435233
0.0,15.0,1703,0.48469759248385214,0.37522019964768055,0.10947739283617158
0.0,20.0,2333,0.47610801543077574,0.4127732533219031,0.06333476210887262
0.0,25.0,2681,0.49154419992540105,0.41365162252890714,0.07789257739649391
0.0,30.0,3426,0.48600408639813214,0.411266783420899,0.07473730297723313
0.0,35.0,4173,0.5035442127965493,0.43134435657800146,0.0721998562185478
0.0,40.0,8110,0.5098791615289764,0.4688039457459926,0.04107521578298379
0.0,45.0,20270,0.4726936359151455,0.46334484459792796,0.009348791317217553
0.0,50.0,85357,0.499655447122086,0.49927949670208654,0.0003759504199994379
1.0,0.0,10969,0.49978028990792267,0.5166377974291184,-0.016857507521195747
1.0,5.0,21551,0.5011781355853555,0.5138972669481695,-0.012719131362813996
1.0,10.0,20554,0.49492799455093905,0.4974700788167753,-0.002542084265836242
1.0,15.0,21949,0.4964804774704986,0.4915485899129801,0.0049318875575184995
1.0,20.0,24336,0.4909956443129523,0.47053747534516766,0.02045816896778463
1.0,25.0,26283,0.49437316896853467,0.47072252026024425,0.023650648708290423
1.0,30.0,30984,0.48914665633875504,0.48767105602891814,0.0014756003098368997
1.0,35.0,37945,0.4769374094083536,0.4702859401765713,0.006651469231782281
1.0,40.0,59491,0.4865342656872473,0.480644131045032,0.005890134642215272
1.0,45.0,115538,0.4951594280669568,0.48406584846543993,0.011093579601516856
1.0,50.0,210555,0.5019681793355595,0.5002968345562917,0.0016713447792677805
2.0,0.0,17914,0.4996153846153846,0.4575750809422798,0.042040303673104795
2.0,5.0,36696,0.49978144756921805,0.4973566601264443,0.002424787442773746
2.0,10.0,37704,0.5048260131551034,0.4863409717801825,0.018485041374920963
2.0,15.0,38911,0.5033049780267814,0.49680039063503895,0.006504587391742478
2.0,20.0,41460,0.5148671008200695,0.5087313072841293,0.006135793535940182
2.0,25.0,44251,0.5255365980429823,0.5121014214368037,0.013435176606178545
2.0,30.0,51684,0.5181700332791576,0.5240499961303304,-0.005879962851172871
2.0,35.0,64055,0.5026625556162668,0.5069393489969557,-0.00427679338068887
2.0,40.0,90404,0.49070417238174957,0.48945843104287423,0.0012457413388753391
2.0,45.0,158160,0.5041891755184641,0.4975214972180071,0.006667678300457003
2.0,50.0,178360,0.5009119197129402,0.5003756447633999,0.0005362749495403385
3.0,0.0,21847,0.49945667597381815,0.48194260081475715,0.017514075159061004
3.0,5.0,42619,0.5012961355264073,0.5134564396161336,-0.012160304089726348
3.0,10.0,45375,0.5067028099173532,0.5260165289256198,-0.019313719008266617
3.0,15.0,49190,0.50532486277699,0.5245984956291929,-0.01927363285220296
3.0,20.0,50657,0.5113413743411591,0.53161458436149,-0.02027321002033089
3.0,25.0,54341,0.507666402900204,0.4959238880403379,0.01174251485986616
3.0,30.0,64109,0.5084552870891768,0.4823503720226489,0.026104915066527845
3.0,35.0,73660,0.5143240564756999,0.4970404561498778,0.0172836003258221
3.0,40.0,99084,0.5040296112389491,0.49247103467764725,0.011558576561301825
3.0,45.0,175633,0.4921692392659697,0.486702385087085,0.005466854178884706
3.0,50.0,135341,0.5110425517766248,0.5105695982739894,0.00047295350263543146
4.0,0.0,22757,0.5004372281056375,0.5079316254339324,-0.007494397328294933
4.0,5.0,46222,0.5034622041452105,0.5162476742676647,-0.012785470122454234
4.0,10.0,50480,0.5032682250396183,0.5253961965134707,-0.02212797147385237
4.0,15.0,53573,0.5035986411065281,0.526925876840946,-0.023327235734417973
4.0,20.0,59512,0.5096452816238742,0.5188701438365372,-0.009224862212662943
4.0,25.0,64962,0.5070481204396419,0.4919799267263939,0.015068193713247968
4.0,30.0,73465,0.5024724698836194,0.49013816102906144,0.01233430885455794
4.0,35.0,86117,0.5056866820720638,0.4985775166343463,0.007109165437717502
4.0,40.0,113973,0.4948185973871002,0.4872733015714248,0.0075452958156754235
4.0,45.0,160243,0.493505488539284,0.493219672622205,0.0002858159170789909
4.0,50.0,90041,0.5038742350706906,0.5043480192356815,-0.00047378416499088694
5.0,0.0,29374,0.5002413699189758,0.5253625655341458,-0.02512119561517001
5.0,5.0,56272,0.5026865936878004,0.5395756326414558,-0.03688903895365536
5.0,10.0,62199,0.5033461952764474,0.534188652550684,-0.030842457274236623
5.0,15.0,62752,0.5005958375828664,0.5186448240693524,-0.018048986486486007
5.0,20.0,67241,0.5070949272021521,0.5009443643015422,0.0061505629006098905
5.0,25.0,70443,0.5019519327683376,0.4760018738554576,0.025950058912879992
5.0,30.0,83996,0.49893030620505846,0.47595123577313203,0.02297907043192643
5.0,35.0,94127,0.4933352810564447,0.4915805241854091,0.001754756871035601
5.0,40.0,120089,0.49862934989882407,0.49873010850286037,-0.00010075860403629955
5.0,45.0,148271,0.5089623729522315,0.5054393644070655,0.003523008545165962
5.0,50.0,56683,0.5050463101811818,0.5071185364218549,-0.0020722262406730474
6.0,0.0,27507,0.4998127749300179,0.48685789071872615,0.012954884211291762
6.0,5.0,58631,0.5010284661697724,0.5198615067114666,-0.018833040541694213
6.0,10.0,60580,0.502144932320894,0.4922416639154837,0.009903268405410282
6.0,15.0,65336,0.4982172156238525,0.48766376882576223,0.010553446798090282
6.0,20.0,67763,0.4930469430220018,0.5046854478107522,-0.011638504788750392
6.0,25.0,68643,0.4951627988287223,0.49882726570808383,-0.003664466879361561
6.0,30.0,79779,0.49464633550182485,0.5083793980872159,-0.013733062585391032
6.0,35.0,91607,0.49094392349929816,0.48112043839444585,0.009823485104852314
6.0,40.0,107092,0.5073641355096555,0.5047249094236731,0.002639226085982438
6.0,45.0,111212,0.5114896773729465,0.5047207135920584,0.006768963780888093
6.0,50.0,30175,0.5045086992543494,0.5021706710853355,0.0023380281690138505
7.0,0.0,31526,0.49981348728034003,0.4994924823954831,0.0003210048848569236
7.0,5.0,63778,0.4987646210291964,0.5184859983066261,-0.01972137727742973
7.0,10.0,68860,0.4972544292767926,0.5034562881208249,-0.006201858844032293
7.0,15.0,73671,0.49751734060892483,0.49315198653472875,0.004365354074196082
7.0,20.0,76541,0.49813563972249864,0.519643067114357,-0.021507427391858402
7.0,25.0,76932,0.5009761867623362,0.5105027816773254,-0.009526594914989195
7.0,30.0,81365,0.4917045412646733,0.49217722608000986,-0.000472684815336577
7.0,35.0,92282,0.48514769944301117,0.47961682668342687,0.005530872759584304
7.0,40.0,101284,0.5011285099324672,0.48472611666205917,0.01640239327040799
7.0,45.0,86206,0.4940136417418749,0.4919727165162518,0.0020409252256231025
7.0,50.0,15385,0.5752551186220374,0.5799805004874878,-0.004725381865450462
8.0,0.0,36078,0.5003741892566104,0.5198736071844338,-0.019499417927823393
8.0,5.0,73504,0.49950723770135036,0.5098770134958641,-0.010369775794513758
8.0,10.0,78881,0.4952884725092263,0.5050265589939276,-0.009738086484701258
8.0,15.0,81126,0.49505460641470916,0.5193772649951927,-0.02432265858048349
8.0,20.0,82411,0.5019697613182703,0.5201611435366638,-0.018191382218393448
8.0,25.0,85401,0.4906402735330968,0.48242994812707113,0.008210325406025676
8.0,30.0,89698,0.48319226738611726,0.49335548172757476,-0.010163214341457505
8.0,35.0,92778,0.48939188169609266,0.4878850589579426,0.0015068227381500598
8.0,40.0,89890,0.4843831349427076,0.4811213705640227,0.003261764378684917
8.0,45.0,60230,0.5083479993358776,0.5010127843267475,0.007335215009130147
8.0,50.0,8880,0.5701295045045064,0.5707207207207208,-0.0005912162162143852
9.0,0.0,44943,0.49969294439623535,0.49046570099904324,0.009227243397192109
9.0,5.0,88946,0.5002014705551702,0.49450228228363274,0.005699188271537425
9.0,10.0,92727,0.49772364036364813,0.5105956193988805,-0.012871979035232406
9.0,15.0,91896,0.498523874815009,0.5105989379298337,-0.012075063114824702
9.0,20.0,91070,0.5023256835401355,0.5029427912594707,-0.0006171077193352081
9.0,25.0,89335,0.5010406895393748,0.49255051211731127,0.008490177422063483
9.0,30.0,89753,0.4969957550165443,0.4878165632346551,0.009179191781889195
9.0,35.0,83834,0.49413102082687227,0.48417110003101366,0.009959920795858612
9.0,40.0,75130,0.49981685079195826,0.5018101956608545,-0.0019933448688962407
9.0,45.0,40679,0.5343860468546464,0.5429582831436368,-0.008572236288990398
9.0,50.0,3918,0.4902654415518121,0.48672792240939255,0.003537519142419565
10.0,0.0,60087,0.4998841679564634,0.5069149732887314,-0.007030805332267964
10.0,5.0,116828,0.5003605300099282,0.5043311534906015,-0.003970623480673341
10.0,10.0,114067,0.4958446351705596,0.5046244750892019,-0.00877983991864234
10.0,15.0,108106,0.4972154182006552,0.4999444989177289,-0.0027290807170737286
10.0,20.0,103688,0.4987589692153363,0.49386621402669545,0.004892755188640852
10.0,25.0,93281,0.496463910121033,0.5066626644225513,-0.010198754301518231
10.0,30.0,88067,0.4971106089681723,0.4884462965696572,0.008664312398515062
10.0,35.0,76133,0.5028589442160424,0.48592594538504985,0.01693299883099253
10.0,40.0,58016,0.5243827564809732,0.5273545228902372,-0.0029717664092639984
10.0,45.0,24516,0.5379968184043101,0.5573095121553271,-0.019312693751016963
10.0,50.0,2136,0.43497191011235903,0.5491573033707865,-0.11418539325842747
11.0,0.0,60861,0.49988005455053314,0.5171784886873367,-0.017298434136803598
11.0,5.0,120182,0.5012918739911153,0.5049092210147942,-0.003617347023678885
11.0,10.0,124796,0.4993040642328279,0.5008253469662489,-0.0015212827334210033
11.0,15.0,119644,0.5006246029888668,0.5131306208418308,-0.012506017852964013
11.0,20.0,108845,0.4983673113142538,0.5121411181037255,-0.01377380678947171
11.0,25.0,94629,0.49082775893225256,0.49973052658276,-0.00890276765050746
11.0,30.0,79713,0.4869543236360481,0.48458846110421133,0.002365862531836793
11.0,35.0,65152,0.5060194621807467,0.5093780697445972,-0.0033586075638505353
11.0,40.0,41371,0.5252918711174561,0.534964105291146,-0.009672234173689898
11.0,45.0,15347,0.4840998240698514,0.48445950348602335,-0.0003596794161719319
11.0,50.0,1229,0.4815215622457281,0.4792514239218877,0.0022701383238404316
12.0,0.0,77213,0.500005828034139,0.4989962830093378,0.0010095450248011617
12.0,5.0,155120,0.4994268308406403,0.5084708612686952,-0.009044030428054906
12.0,10.0,153762,0.5007400398017696,0.5084806389094835,-0.0077405991077138525
12.0,15.0,142030,0.5000310497782157,0.5143702034781384,-0.01433915369992278
12.0,20.0,122296,0.4961719107738609,0.5097386668411068,-0.013566756067245889
12.0,25.0,89022,0.49076082316730757,0.5051784952034328,-0.014417672036125262
12.0,30.0,66981,0.49520938773682377,0.4970514026365686,-0.0018420148997448371
12.0,35.0,44236,0.4949896012297621,0.4752464056424632,0.019743195587298923
12.0,40.0,24981,0.5226964493014684,0.5051839397942436,0.017512509507224827
12.0,45.0,10477,0.5048067194807672,0.5094015462441539,-0.004594826763386739
13.0,0.0,107878,0.5000826859971441,0.5233226422440164,-0.02323995624687225
13.0,5.0,202011,0.5013290860398719,0.522357693392934,-0.021028607353062112
13.0,10.0,189149,0.4985381366013056,0.5121147878127825,-0.013576651211476942
13.0,15.0,157918,0.49365119872338753,0.49875884952950267,-0.005107650806115138
13.0,20.0,117470,0.49301906869838963,0.495054056354814,-0.0020349876564243474
13.0,25.0,77643,0.48612019113120364,0.47150419226459567,0.014615998866607971
13.0,30.0,48925,0.47478753193663786,0.46035769034236074,0.014429841594277126
13.0,35.0,25661,0.4794177935388317,0.46919449748645803,0.010223296052373654
13.0,40.0,13468,0.5006043956043956,0.5026730026730026,-0.002068607068607009
13.0,45.0,5496,0.4660171033478898,0.42339883551673946,0.04261826783115036
14.0,0.0,164705,0.49983260981755184,0.5087580826325855,-0.008925472815033642
14.0,5.0,291091,0.4997754654042865,0.5131762919499401,-0.013400826545653555
14.0,10.0,226092,0.5018671602710408,0.5123401093360225,-0.01047294906498164
14.0,15.0,145278,0.49780648136675804,0.5031250430209667,-0.005318561654208687
14.0,20.0,76996,0.49016520338718456,0.4844927009195283,0.005672502467656271
14.0,25.0,41128,0.4946496304220968,0.4809618751215717,0.013687755300525128
14.0,30.0,21873,0.4683399625108573,0.4215699721117359,0.046769990399121386
14.0,35.0,10201,0.4713430055876866,0.47250269581413584,-0.0011596902264492392
14.0,40.0,5842,0.4852379322149941,0.47894556658678533,0.006292365628208785
14.0,45.0,1532,0.4676174934725841,0.4151436031331593,0.05247389033942479
15.0,0.0,110754,0.4996643010636154,0.4995756360944074,8.86649692080077e-05
15.0,5.0,140611,0.49962542048630454,0.515059277012467,-0.01543385652616247
15.0,10.0,73355,0.5037552995705794,0.5212596278372299,-0.017504328266650493
15.0,15.0,29686,0.5110880549754088,0.5012463787644007,0.009841676211008066
15.0,20.0,9142,0.5068015751476698,0.5111572959964996,-0.004355720848829847
15.0,25.0,4465,0.5062194848824189,0.5092945128779395,-0.0030750279955206183
15.0,30.0,1650,0.5276000000000001,0.5436363636363636,-0.016036363636363515
