tte_bucket,probability_bucket,probability_bucket_start_cents,probability_bucket_end_cents,sample_size,best_model,best_log_loss,Standard Gaussian,Student-T df=5,Student-T df=3,Momentum-Adjusted Gaussian,Machine Learning (Logistic Regression),XGBoost,LightGBM,CatBoost,PySR (Symbolic Regression)
14,0-5c,0,5,46,LightGBM,0.528071739472838,1.8066717159784382,1.4190608643064326,1.2792872733358585,1.8237085453400514,1.6670673237057172,0.6082713012443857,0.528071739472838,0.5563945563439112,2.1078224413497266
14,5-10c,5,10,316,LightGBM,0.21625415143605417,0.27699138077419755,0.28004212520202226,0.28606087264150176,0.27997786174118866,0.27652522285941655,0.255302407871625,0.21625415143605417,0.24700334281597336,0.28290020793123594
14,10-15c,10,15,767,LightGBM,0.3689112031122917,0.4013357710925769,0.40057768530964816,0.4027782044209556,0.4029770326297472,0.4014458220363176,0.39348157832647807,0.3689112031122917,0.3959834709603462,0.40433496625443444
14,15-20c,15,20,1538,LightGBM,0.3928348045443337,0.4191318663596712,0.4240764911030131,0.42837063938479303,0.41986042382675176,0.41428415131597235,0.4022073230395962,0.3928348045443337,0.40337757907700145,0.4416460433303051
14,20-25c,20,25,2951,LightGBM,0.47333632335745257,0.4899806571052612,0.4938242877839048,0.4968948072928945,0.49129784379943864,0.4870725905720316,0.48354764608679285,0.47333632335745257,0.482730835405332,0.5108805571344182
14,25-30c,25,30,5479,LightGBM,0.59310315436727,0.5981097660550468,0.5976708796468903,0.5978374434434643,0.5989723321147592,0.5995700817226428,0.5966009066100335,0.59310315436727,0.595992519558303,0.6025618331437755
14,30-35c,30,35,10528,LightGBM,0.6210556898515271,0.6245567663831149,0.6249612805045947,0.6254265254126391,0.6250525054125052,0.6243534718110171,0.6231200065620651,0.6210556898515271,0.6228801781530322,0.6311114782669976
14,35-40c,35,40,17762,LightGBM,0.655445510524553,0.6575082364974085,0.6576896312950241,0.6578994230189482,0.6580333048214649,0.6574791905037314,0.6569696385073701,0.655445510524553,0.6568284835805153,0.6612314508825456
14,40-45c,40,45,25723,LightGBM,0.6819895764980888,0.6833549183117423,0.68322215562012,0.6831732763546132,0.6841745649071057,0.6830291631781001,0.682816030553053,0.6819895764980888,0.6827983284901545,0.6836477110361544
14,45-50c,45,50,32313,LightGBM,0.691343461320162,0.6927373761647138,0.6926556618870098,0.6926100510647594,0.6933103943343124,0.6922268709222685,0.6922062038820673,0.691343461320162,0.6920963708853911,0.692338563652809
14,50-55c,50,55,32472,LightGBM,0.6900655361912755,0.6915521440140497,0.6915770736063199,0.6915953521329928,0.6923335659344692,0.6916356744645189,0.6910866938375243,0.6900655361912755,0.6909475825583405,0.6916395340646162
14,55-60c,55,60,27642,LightGBM,0.6776620473515595,0.6794500215929833,0.6796657719782988,0.679825018331024,0.6799546306915477,0.6792552530997273,0.6786051640644433,0.6776620473515595,0.678431456848675,0.6809597851329072
14,60-65c,60,65,19873,LightGBM,0.6599424800706626,0.6623529569530512,0.6625589697075098,0.6627656109136856,0.6631778216397684,0.6625419864428959,0.6610311106116795,0.6599424800706626,0.6608120103791248,0.6648451492770128
14,65-70c,65,70,11384,LightGBM,0.6275181615557602,0.6314495201778797,0.6318894009106429,0.6323427776305751,0.6320306236500356,0.6315075507020145,0.6297155958852388,0.6275181615557602,0.6294315359880795,0.6364389621220115
14,70-75c,70,75,5813,LightGBM,0.6089206706213236,0.6167333033956905,0.6156482104323312,0.6153716893251736,0.6170220141279925,0.6193216063714363,0.612326024188191,0.6089206706213236,0.6116158160657014,0.6172294320360222
14,75-80c,75,80,3055,LightGBM,0.5699004975608437,0.5802093034954553,0.5780177361285994,0.5774401136895368,0.5813249539675378,0.5830559087073113,0.5744138422341002,0.5699004975608437,0.5735250250578636,0.5792292712047632
14,80-85c,80,85,1503,LightGBM,0.550477660986883,0.5838271782980481,0.5754309174664234,0.5719444615639013,0.5853152008928654,0.5891477883044156,0.5614535866440802,0.550477660986883,0.5596408674890446,0.5687634450375145
14,85-90c,85,90,748,LightGBM,0.291512265409089,0.3611954129475129,0.36674510555689105,0.3720748007460428,0.36603449722313586,0.3539238229655872,0.3222674810569078,0.291512265409089,0.31969430857584197,0.3758156691236898
14,90-95c,90,95,360,LightGBM,0.32701388991837893,0.4455577418120146,0.4282628344713561,0.4237029115709982,0.45194019107950184,0.4291844810044443,0.35118784155585625,0.32701388991837893,0.33457599674370336,0.43906816965011636
14,95-100c,95,100,92,LightGBM,0.31506231764076525,0.7920792268530706,0.6823979290774967,0.6416889807715731,0.8584568436200533,0.7088088937628584,0.3607278665669785,0.31506231764076525,0.32196684291337047,0.9267338250165468
13,0-5c,0,5,232,LightGBM,0.24951793325065855,0.8192448179168601,0.6670153126852847,0.6165253541609258,0.8383797553265958,0.7747734613270636,0.3022923671881536,0.24951793325065855,0.293879701901522,0.9409582365273191
13,5-10c,5,10,796,LightGBM,0.15023431186673658,0.1729851119298931,0.1920457224159405,0.20566611955833108,0.1732215498827017,0.17060671494198285,0.16341057349017302,0.15023431186673658,0.16199083171838782,0.18022945372133614
13,10-15c,10,15,1731,LightGBM,0.34568331690368004,0.3619920537473983,0.36541043809642043,0.3698857906199819,0.36283593770849737,0.3619647618846098,0.3587828112952318,0.34568331690368004,0.35862618948191755,0.37340710891882967
13,15-20c,15,20,3466,LightGBM,0.4076040980664342,0.4183807235325193,0.4235954888826654,0.42801471295464083,0.41840695307066805,0.41570696172519034,0.4130769632804481,0.4076040980664342,0.41281429080667803,0.4408248039406558
13,20-25c,20,25,6258,LightGBM,0.48406418439282917,0.4923378419615065,0.4960078227526662,0.49897504329341186,0.4936673965867595,0.4897423710456345,0.48760893416809614,0.48406418439282917,0.4876405122553662,0.5126241509479088
13,25-30c,25,30,9528,LightGBM,0.5696725068227921,0.5742399952575575,0.5753702755136434,0.5764855876527026,0.5753999203668769,0.5738380679645858,0.5725446489592491,0.5696725068227921,0.5725813840865511,0.5852730613399744
13,30-35c,30,35,13605,LightGBM,0.6325143118761608,0.6349994747991943,0.6347110570601436,0.6347573321502114,0.6354656434682108,0.635932380299915,0.6337698255908298,0.6325143118761608,0.6341114640091745,0.6382187725117943
13,35-40c,35,40,17457,LightGBM,0.6529086801377034,0.6543239236512728,0.654657466715311,0.6549627092846655,0.6549339747414947,0.654133826608742,0.6538785696796748,0.6529086801377034,0.6538384153548248,0.6589243873450747
13,40-45c,40,45,19221,LightGBM,0.6800098702240179,0.6809767610207349,0.6809482743583997,0.6809651240157386,0.6818665093018976,0.6808875043604254,0.6807067673296967,0.6800098702240179,0.6806744460236395,0.6819961019512959
13,45-50c,45,50,20520,LightGBM,0.6921098617684864,0.6938470531010023,0.6937092218499493,0.6936287359756613,0.6944395012981069,0.6930495909863947,0.692757631748565,0.6921098617684864,0.6927586719210096,0.6930198648139324
13,50-55c,50,55,21060,LightGBM,0.6862222407354851,0.6894432587687159,0.6895700150170156,0.6896518059640103,0.6901981279386514,0.6876572495532571,0.6870879660663415,0.6862222407354851,0.687062504710728,0.6898057902669096
13,55-60c,55,60,20063,LightGBM,0.6747757206378691,0.676510400108694,0.676867495332668,0.6771150212335083,0.6770579284113304,0.6754239593245814,0.6751572829132545,0.6747757206378691,0.6752319727779335,0.6787141596421192
13,60-65c,60,65,17157,LightGBM,0.6579958619571308,0.6588254119714756,0.659191370752015,0.6594988525246088,0.6593081797062919,0.6586528554980701,0.6585087031504334,0.6579958619571308,0.658476116521738,0.6621201749071484
13,65-70c,65,70,13559,LightGBM,0.6264705544192994,0.6279620200991987,0.6285638070458287,0.6291197171497704,0.6289026734313036,0.6277657931454244,0.6274071928573042,0.6264705544192994,0.627342925117545,0.6336739325810056
13,70-75c,70,75,9534,LightGBM,0.6123372799313803,0.6160477786420383,0.6150110740905943,0.6147632731415732,0.6176565862724848,0.618350912103815,0.6146591046724247,0.6123372799313803,0.614404518633038,0.616666408496375
13,75-80c,75,80,6078,LightGBM,0.5348718405383198,0.5414047000172048,0.5421884026793167,0.5433621527847722,0.5423983525850711,0.5421931956258157,0.5401900484720203,0.5348718405383198,0.5395162703162671,0.5497360087073042
13,80-85c,80,85,3490,LightGBM,0.48679220453428834,0.4931755821354417,0.49293882590906624,0.4940932700356327,0.4942435639140996,0.4942078939487846,0.4911316777936402,0.48679220453428834,0.49103899563892484,0.49873721664551124
13,85-90c,85,90,1778,LightGBM,0.41681505426269005,0.4402303528302156,0.4373942675169834,0.43815344061646366,0.4405408818177324,0.4407508825771423,0.4298752233802836,0.41681505426269005,0.42893425765219106,0.43902414975856474
13,90-95c,90,95,1109,LightGBM,0.19400692698099134,0.25456495619176533,0.2626673769845461,0.27092128924859615,0.25354559761275725,0.2499205589458831,0.22030475501184,0.19400692698099134,0.22129704386754215,0.2677538865602105
13,95-100c,95,100,228,LightGBM,0.3238791391413968,0.3904489980510677,0.35696406090802874,0.34908601905291287,0.4081941271891184,0.3795037891068834,0.3513091846673568,0.3238791391413968,0.33216825550211765,0.4723741036167148
12,0-5c,0,5,465,LightGBM,0.19870077237020384,0.2707984107415694,0.24766426321951232,0.2466185038558555,0.2745531885441165,0.26138080462489494,0.20951659382812812,0.19870077237020384,0.21628382765301513,0.30650968102347487
12,5-10c,5,10,1387,LightGBM,0.25541130493629965,0.29395144759227215,0.2937268491144362,0.2982638234200239,0.2962835130293107,0.2940205606793248,0.28592360363761427,0.25541130493629965,0.2870269706820678,0.2970124242578293
12,10-15c,10,15,3115,LightGBM,0.2614219830924425,0.28147640653735534,0.29441444770045533,0.303911231820446,0.2824334801071725,0.2760196338417719,0.268083932911508,0.2614219830924425,0.26883555386537755,0.3101106170386032
12,15-20c,15,20,5563,LightGBM,0.4516980782073067,0.4555823841727882,0.45738165109608003,0.45986422228683393,0.45726223066852695,0.4562926913088546,0.4550150366822583,0.4516980782073067,0.4548242312638859,0.468017225098775
12,20-25c,20,25,7787,LightGBM,0.5484154971747611,0.5523614675065861,0.5513384542209203,0.5515519505287662,0.5529397962277193,0.5551195499232082,0.5502579117424443,0.5484154971747611,0.5501544794492782,0.5562596953871884
12,25-30c,25,30,10550,LightGBM,0.6112529168237089,0.6165698078055845,0.6147687314298549,0.6141259302267802,0.6168230129306431,0.6199453972934396,0.6138374762395343,0.6112529168237089,0.6131904711819005,0.6154790444340515
12,30-35c,30,35,13644,LightGBM,0.6232974968260724,0.625650563925447,0.6259241327502792,0.626314320392455,0.62622096252983,0.6258427267169009,0.6254468606167182,0.6232974968260724,0.6250588394419128,0.6315766755376203
12,35-40c,35,40,14642,LightGBM,0.6597874134613889,0.6612634606559807,0.6612118789080282,0.6612795137974191,0.6619687542203653,0.6612347946644606,0.6609000078286068,0.6597874134613889,0.6608804417876728,0.6636913582848527
12,40-45c,40,45,15819,LightGBM,0.676132544523231,0.6780922537896716,0.6782129900815398,0.6783224243911298,0.6786513244278489,0.6783425242793697,0.6779305970874393,0.676132544523231,0.6774953739063473,0.6800870674141055
12,45-50c,45,50,16087,LightGBM,0.6897057579813685,0.6913222631452098,0.6913055567891259,0.6913006645656165,0.6919957917451204,0.6918059484244352,0.6910528559943887,0.6897057579813685,0.6905626224842143,0.6915504312950451
12,50-55c,50,55,15711,LightGBM,0.6891774859345873,0.6915039069753754,0.6915291643382115,0.6915477531688012,0.6925012642586109,0.691733176237619,0.6907537852108315,0.6891774859345873,0.6900621986117984,0.6916177778093009
12,55-60c,55,60,15495,LightGBM,0.6746218748723397,0.6777068772025029,0.677997950430199,0.6782047091775082,0.6785303494074418,0.6766497122777481,0.6763228286057311,0.6746218748723397,0.6758862916664514,0.67957398125367
12,60-65c,60,65,15635,LightGBM,0.6471837958843841,0.6500349622159864,0.6508662196466252,0.6514620485649424,0.650460714259346,0.6488466930214455,0.6480383528363768,0.6471837958843841,0.6478351940170579,0.6555959156867094
12,65-70c,65,70,13793,LightGBM,0.6163158635904786,0.618676404140633,0.6197996382208117,0.6206772147880715,0.6198976810167637,0.6172488035384912,0.6173820867066597,0.6163158635904786,0.6172918154970081,0.6267227546727937
12,70-75c,70,75,10892,LightGBM,0.5886433081494895,0.590475170566425,0.5910805006808234,0.5918287679563381,0.5911000763320267,0.5908768441177517,0.5899577506896488,0.5886433081494895,0.5898774562819719,0.5976503279861867
12,75-80c,75,80,7690,LightGBM,0.5570186765205333,0.5609180710037847,0.5601616866779241,0.5604331007351098,0.5616840449829257,0.5630023071897948,0.560160422385546,0.5570186765205333,0.5596869360027498,0.5641912061264797
12,80-85c,80,85,5947,LightGBM,0.48116818718466375,0.4868502700540077,0.48708684362344157,0.48852310122744397,0.48770779544272874,0.4879345356542965,0.48612319100539264,0.48116818718466375,0.4854009694991558,0.49383493087590613
12,85-90c,85,90,3748,LightGBM,0.4420192347822498,0.4562118376743981,0.45144251693376825,0.451185145116478,0.4581069879774225,0.45770720626627265,0.4485321376405979,0.4420192347822498,0.4474943197947759,0.45174309283915665
12,90-95c,90,95,2023,LightGBM,0.28383867976102073,0.3009079498758757,0.3029973635893213,0.3081628493208571,0.3032870821582919,0.2988204144332478,0.2927862835646652,0.28383867976102073,0.2939701822080992,0.3054409392659612
12,95-100c,95,100,525,LightGBM,0.11088013218962042,0.16735545962742046,0.17415227008787368,0.18418393929274543,0.18192588527338302,0.15757378281524145,0.12875288263061227,0.11088013218962042,0.1301112429986905,0.17491055495003924
11,0-5c,0,5,551,PySR (Symbolic Regression),0.060087938577290056,0.06771591619665368,0.09121955626115308,0.10841729899160228,0.06649227812649994,0.06980938659710748,0.06817024408904432,0.0606445425483335,0.0732777363464394,0.060087938577290056
11,5-10c,5,10,2324,LightGBM,0.26464655714900365,0.2733507533516362,0.27727152677423167,0.28359251947570696,0.27616270175658886,0.27436166467137196,0.27108548162300256,0.26464655714900365,0.27180629948016344,0.27133116496186993
11,10-15c,10,15,4759,LightGBM,0.4069850409227363,0.41204085509663746,0.40995084657188674,0.4114591422024234,0.41284893779383086,0.41510268155606517,0.41033342820648,0.4069850409227363,0.40989802124879243,0.4130878461634872
11,15-20c,15,20,7074,LightGBM,0.45572650408856713,0.46031685134444317,0.46142788913367194,0.46355568654924983,0.4602147149354641,0.46136411094759655,0.4587025407563234,0.45572650408856713,0.45870027686451437,0.4713430666600898
11,20-25c,20,25,8714,LightGBM,0.5224647723989619,0.5246249995017344,0.5256755825594491,0.5271165028116114,0.5251023523995455,0.5252575967079994,0.5242203891741954,0.5224647723989619,0.5237742510850252,0.5358923777996002
11,25-30c,25,30,10016,LightGBM,0.5987879745056822,0.6026720727478714,0.6017732348865269,0.60167695656208,0.6034852836946916,0.6050323208820015,0.6013106860560791,0.5987879745056822,0.6009657277798055,0.6052154716365954
11,30-35c,30,35,11502,LightGBM,0.6326202593786788,0.6348689552130218,0.634576503252203,0.6346212077498719,0.6352960304103192,0.6357218075037129,0.6342161734535517,0.6326202593786788,0.6341349778000719,0.6380659502533159
11,35-40c,35,40,12531,LightGBM,0.6492176062460261,0.6526033783348527,0.653021871066288,0.6533800843199374,0.6533562705228881,0.6521386864596507,0.6517531961700456,0.6492176062460261,0.6514338986992467,0.6577871127735995
11,40-45c,40,45,12023,LightGBM,0.6780553148108177,0.6789103746612808,0.6789847886048233,0.6790657246796843,0.6794681188791273,0.6787032022518488,0.6786377873572834,0.6780553148108177,0.6784423230322286,0.6805962663197472
11,45-50c,45,50,11645,LightGBM,0.6912656860115535,0.6930661178554166,0.6929667390583182,0.6929102091685264,0.6940316640633946,0.6922769071645934,0.6924395535798336,0.6912656860115535,0.6919122212579293,0.6924753465332297
11,50-55c,50,55,11997,LightGBM,0.6883598328709085,0.6909387106336071,0.690991146096237,0.6910266921160485,0.6913327433910349,0.6906253629403395,0.690262084475081,0.6883598328709085,0.6902076612904838,0.6910863056094281
11,55-60c,55,60,12335,LightGBM,0.684812661581363,0.6859394222482728,0.6858129991741931,0.685760286722654,0.6865059640089092,0.6873842951358836,0.6862904555967336,0.684812661581363,0.6857184504007234,0.6858004926176411
11,60-65c,60,65,12081,LightGBM,0.6396177221684887,0.6445676136087177,0.6456862845885001,0.6464604427297997,0.6450331109023747,0.6423343345142342,0.6414301069048441,0.6396177221684887,0.6409890022762128,0.6515141962586678
11,65-70c,65,70,11668,LightGBM,0.6273574397630778,0.6296377147196467,0.6300897694324196,0.6305576338553157,0.6303598561908452,0.6294582330193069,0.6287323204396976,0.6273574397630778,0.6286429227138965,0.6347326716564602
11,70-75c,70,75,9786,LightGBM,0.5837991586495866,0.5854505342173085,0.586385561513296,0.5873332816380359,0.5860849952880891,0.5853393246636651,0.5849605311039764,0.5837991586495866,0.5847696624109383,0.5937395422898778
11,75-80c,75,80,8442,LightGBM,0.5491498272067145,0.5504486655534918,0.5504518202903927,0.5511752962721721,0.551410269859527,0.5517659654761073,0.5504979830017397,0.5491498272067145,0.5502986943963505,0.556396505278053
11,80-85c,80,85,6990,LightGBM,0.47250099971248444,0.474168922755164,0.4754382280020469,0.4774755795811033,0.4754945145501604,0.47463233520363046,0.473889270263641,0.47250099971248444,0.47376027609903754,0.4835685171801185
11,85-90c,85,90,6113,LightGBM,0.38672769814915264,0.3918529938992143,0.39400891023290263,0.3975062770484797,0.3937476326881046,0.3913740863732671,0.38894820858073403,0.38672769814915264,0.388896759133732,0.3998533455130731
11,90-95c,90,95,2961,LightGBM,0.2840705762435136,0.2973711853428724,0.3006941296153804,0.3063448915198114,0.300157723036571,0.29400826190411344,0.2900767945463604,0.2840705762435136,0.28971080138284466,0.30096859429265516
11,95-100c,95,100,791,LightGBM,0.07810571509511852,0.09270839050651883,0.11413979910772178,0.13016611291784247,0.09407555158713567,0.0956574808390469,0.08444725965368703,0.07810571509511852,0.08474441519249358,0.08424907691231595
10,0-5c,0,5,759,LightGBM,0.2939405191090503,0.5224993030502587,0.4426671576541319,0.41947497027647895,0.5220624933775655,0.49990599877042885,0.3185230921393799,0.2939405191090503,0.3280496644876297,0.6154679709173472
10,5-10c,5,10,3608,LightGBM,0.19335796334944333,0.2081374560045628,0.22053433055934202,0.2312246868547923,0.20866884961446946,0.20553303006229628,0.19950213864824942,0.19335796334944333,0.20124679984405744,0.22144854160769717
10,10-15c,10,15,6480,LightGBM,0.3037593470856116,0.31231706001310144,0.32170993034043016,0.32931440788402144,0.3150689150878859,0.3090700657621049,0.30669251772047024,0.3037593470856116,0.30666675248237474,0.3337142174662281
10,15-20c,15,20,8325,LightGBM,0.4555594058265931,0.4574570137839472,0.45891909893097477,0.4612321284912807,0.4592857356912771,0.45843376552759785,0.45747980794975845,0.4555594058265931,0.456866199325648,0.4688987769314239
10,20-25c,20,25,9231,LightGBM,0.5320901528037443,0.534169677411562,0.5344024957062646,0.5353715641380408,0.5349268156629142,0.5357778803233614,0.5333832408309924,0.5320901528037443,0.5333732131305429,0.5427820197153364
10,25-30c,25,30,10030,LightGBM,0.5879298256760559,0.5895046495627251,0.5894679113495042,0.5898930725769964,0.5894843975095166,0.5910561769207119,0.589126900918619,0.5879298256760559,0.5889247083081718,0.5959368257906822
10,30-35c,30,35,10882,LightGBM,0.6227920251403246,0.6235631701314391,0.6239337175780546,0.6243854695178193,0.6240774011005767,0.6239453221284733,0.6237099313961912,0.6227920251403246,0.6234949520174837,0.6299834502063214
10,35-40c,35,40,11707,LightGBM,0.667697896900521,0.6687059977490584,0.6682495200203875,0.6680668769310086,0.6693137045183064,0.6692743769058642,0.6683871377874936,0.667697896900521,0.6683058142302557,0.6688087258544532
10,40-45c,40,45,12172,LightGBM,0.6783791974181805,0.6793253795822954,0.6793775959495346,0.6794447905466197,0.679865596076122,0.679478160691453,0.6789542174572754,0.6783791974181805,0.6787817020755983,0.6808785098598157
10,45-50c,45,50,11964,LightGBM,0.6892232290704586,0.6904690238667327,0.6904969046395519,0.6905196486181071,0.6906043948043173,0.690705757207101,0.6899523899220324,0.6892232290704586,0.6897458769983361,0.6909504432349491
10,50-55c,50,55,12122,LightGBM,0.6909889478806344,0.6923211271871667,0.6923068650036955,0.6923008080233707,0.6927107133246456,0.6925993660057619,0.6917739630034767,0.6909889478806344,0.691682050191877,0.6922351977902457
10,55-60c,55,60,11859,LightGBM,0.6794464911964179,0.6801928879294407,0.680361736986836,0.6804923377669191,0.6809655889519873,0.6802087369367533,0.6800423921705917,0.6794464911964179,0.6797654770686093,0.6814841454111473
10,60-65c,60,65,10714,LightGBM,0.6585332613998616,0.6601209220487573,0.6604014422962639,0.6606569982099121,0.6609168772960332,0.6602380163049099,0.6595221370264102,0.6585332613998616,0.6592269029957115,0.6630315802368045
10,65-70c,65,70,10795,LightGBM,0.6399978978773996,0.6426585938961986,0.642338973959809,0.6423339417372697,0.6432381777751769,0.644232376012937,0.6411827823410207,0.6399978978773996,0.6407735396099459,0.6443160321934321
10,70-75c,70,75,10330,LightGBM,0.5849774924269883,0.586468173598973,0.5873455653135834,0.5882576607883215,0.5870436062515926,0.5865703170050064,0.5865383339598661,0.5849774924269883,0.5860835756886541,0.5944828865503341
10,75-80c,75,80,8802,LightGBM,0.5403222667400548,0.5417382281287579,0.5423518327050019,0.5434411270224593,0.542458852969822,0.5425665620304261,0.5416186081249202,0.5403222667400548,0.5415995852220558,0.5496894545073646
10,80-85c,80,85,8781,LightGBM,0.5111411785385018,0.5180250533522844,0.5152408750725894,0.5149851864548323,0.5186938280366199,0.520233433159435,0.5153936858891685,0.5111411785385018,0.5142510599229659,0.5173870201613995
10,85-90c,85,90,7484,LightGBM,0.3725244692888476,0.3773568161940448,0.3812441141691768,0.3856481898457036,0.3795137829371643,0.37703753045448885,0.37471644982975,0.3725244692888476,0.3743547069782813,0.3870882751748501
10,90-95c,90,95,4800,LightGBM,0.20220752408708687,0.213117246754793,0.22814398790336526,0.2395905742227137,0.21457889100944924,0.2133401109580463,0.20521063927683425,0.20220752408708687,0.20519780689721193,0.22268583953676663
10,95-100c,95,100,1404,LightGBM,0.1240457636777906,0.14817355859610698,0.15801091006620238,0.16938437424129565,0.15457251729224147,0.14680141444534908,0.13438823436489347,0.1240457636777906,0.13564984487121967,0.15329420862757587
9,0-5c,0,5,1213,LightGBM,0.09159042991142988,0.10081750987821785,0.1174996229827378,0.13180416386347146,0.10184382484687149,0.10253072449170839,0.09563936129712726,0.09159042991142988,0.09889954748988096,0.10854424855218184
9,5-10c,5,10,5732,LightGBM,0.24268144690142057,0.24602954549505932,0.25344044985112407,0.261574861109838,0.2488137740721584,0.24556864114431862,0.24503622755383267,0.24268144690142057,0.24490771504903944,0.25079790609482283
9,10-15c,10,15,7725,LightGBM,0.3422630560280758,0.34518696892419437,0.3503893944316983,0.3558315773561676,0.3470016271957671,0.3442702563723874,0.3436299291917417,0.3422630560280758,0.34378283045103664,0.35948568003169135
9,15-20c,15,20,8743,LightGBM,0.42735089768282114,0.4294975744654312,0.43356678047441577,0.4373498974712616,0.42985376202858866,0.4288252313066456,0.4284600950500994,0.42735089768282114,0.4282531389833929,0.4476503988341029
9,20-25c,20,25,8816,LightGBM,0.495212038211916,0.497082364006419,0.5001532502862055,0.5027947014273073,0.49727208037398496,0.49573461600521107,0.4959552331063022,0.495212038211916,0.49594327822733725,0.5156286611839468
9,25-30c,25,30,8780,LightGBM,0.5816398194113683,0.5830510197762652,0.5835161766919695,0.5842374136102592,0.5839611729090273,0.5838850322596977,0.582438241477296,0.5816398194113683,0.5822013362086066,0.5912542132513646
9,30-35c,30,35,8927,LightGBM,0.6398715982336868,0.6428652861868954,0.6420948765056919,0.6418471558531713,0.6435347358261094,0.6446992147211007,0.641216167301764,0.6398715982336868,0.6410834593352511,0.6436301268637268
9,35-40c,35,40,9406,LightGBM,0.6699471498812335,0.6718168218701662,0.6711865163284682,0.6708967212920096,0.6720420228615589,0.6728929494622089,0.67092637294913,0.6699471498812335,0.670508515936624,0.6709396949113058
9,40-45c,40,45,8997,LightGBM,0.686180857713931,0.6879283877307834,0.687538286973991,0.687330812820383,0.6887301689053071,0.6879327895381062,0.6867680502851145,0.686180857713931,0.6864541992038043,0.686659396551422
9,45-50c,45,50,8705,LightGBM,0.682691672899503,0.6878292245689422,0.6879858455835506,0.68808883010331,0.6881912187066997,0.6890130730191918,0.6862884337081497,0.682691672899503,0.6848472143043717,0.6893760253565049
9,50-55c,50,55,8694,LightGBM,0.6917664828816952,0.6932025377819748,0.6931441192272384,0.6931106085086699,0.6942035317490706,0.6944135553783687,0.692170732111944,0.6917664828816952,0.6922657738505212,0.6930897170373498
9,55-60c,55,60,8980,LightGBM,0.6794452531263604,0.6803862880291586,0.6805452452444302,0.6806697199635395,0.6807651183772494,0.6805071178988192,0.680233441667125,0.6794452531263604,0.6801288637027567,0.6816425342095926
9,60-65c,60,65,8720,LightGBM,0.662136328435061,0.6629599447479733,0.663090613844772,0.6632533812335125,0.6638392400605652,0.6634310306122309,0.6630265374078924,0.662136328435061,0.6628771344577367,0.6651258321502673
9,65-70c,65,70,9068,LightGBM,0.6343532804113633,0.6363054622458622,0.6363477974247719,0.6365657773228344,0.6364432281845325,0.6374345676098144,0.6364806355671883,0.6343532804113633,0.6361592061017671,0.6395561131856968
9,70-75c,70,75,8747,LightGBM,0.5942559376931322,0.5959213178092756,0.596149192173748,0.5966711594828208,0.5960572126863378,0.5966707017207213,0.595470884878471,0.5942559376931322,0.5950199484624413,0.6013950880535043
9,75-80c,75,80,8803,LightGBM,0.5470407993014713,0.549495791803708,0.5494737527531568,0.5501928268524648,0.5507278580429769,0.5504537685159718,0.548383664695175,0.5470407993014713,0.5482516192892696,0.5554186723640179
9,80-85c,80,85,8863,LightGBM,0.4511581359382485,0.45285786962750063,0.4559469395358151,0.45903200593528937,0.4534352665450451,0.45231237392109486,0.45224204339640517,0.4511581359382485,0.452062437783317,0.46699365391826425
9,85-90c,85,90,7713,LightGBM,0.38169185779640674,0.3861562209916643,0.3889972056380236,0.39285085301261613,0.38837421827734553,0.38535314752208144,0.38309170928142405,0.38169185779640674,0.3833457953275062,0.394367179258223
9,90-95c,90,95,6557,LightGBM,0.24331279175538062,0.25333469152861743,0.26285512119109533,0.27154261139256824,0.2557698523077949,0.2532146810244681,0.24823297349059908,0.24331279175538062,0.2486595448370941,0.2575062468376422
9,95-100c,95,100,2574,LightGBM,0.10770915271372576,0.12182523209043294,0.1372664882867561,0.1508396031004214,0.12342238089688293,0.12294827203456017,0.11334833494865439,0.10770915271372576,0.11445380826493005,0.12240879446065478
8,0-5c,0,5,2463,LightGBM,0.08128967947032195,0.0965999212743663,0.11320304846253049,0.1276681138357619,0.09989017981270436,0.09628363080354485,0.08643871000324715,0.08128967947032195,0.08644087566978023,0.09960200162957138
8,5-10c,5,10,8040,LightGBM,0.21519872466066148,0.2204814713073859,0.23159868788212443,0.24152095054314177,0.2225015199258373,0.2195652321264111,0.2170452712391738,0.21519872466066148,0.21758642017048277,0.22471147537469083
8,10-15c,10,15,9448,LightGBM,0.3460737244990516,0.3480988379843451,0.3529354652596241,0.35818727685570834,0.3490956363642365,0.34754585690919537,0.3473230845087086,0.3460737244990516,0.3474298922193792,0.36166659611015306
8,15-20c,15,20,9755,LightGBM,0.4081257460791151,0.41194514981397,0.41769698022429913,0.42242242597284624,0.41270617925295233,0.4094728900481538,0.4092573540362571,0.4081257460791151,0.40921708135621887,0.4344569389711277
8,20-25c,20,25,9170,LightGBM,0.5122847396124791,0.5141161425797816,0.5158685197340952,0.5177347981071899,0.5145575543690872,0.5142771651256273,0.513434551679325,0.5122847396124791,0.5133095980986734,0.527950062020051
8,25-30c,25,30,8684,LightGBM,0.586189578235163,0.5883435109060773,0.5883900388163995,0.588865013578203,0.5894952192642186,0.5896552077977643,0.5876731019020022,0.586189578235163,0.587138153345224,0.5948591112869284
8,30-35c,30,35,8441,LightGBM,0.6552544964767146,0.6608851788125784,0.6590433192596175,0.6581392674222519,0.6607930800332856,0.6643906241459747,0.6563655392425675,0.6552544964767146,0.6560253905255243,0.6562392769319626
8,35-40c,35,40,8463,LightGBM,0.6791374644033062,0.6872895862885983,0.685813247499344,0.6850007238665732,0.6881352343946977,0.689248233124074,0.6817531382069254,0.6791374644033062,0.6804299216853327,0.6815788607355732
8,40-45c,40,45,8182,LightGBM,0.6822088240158852,0.6867411916563897,0.6864121058951524,0.6862424952121549,0.6874403036182376,0.6869580025560904,0.6845363117558598,0.6822088240158852,0.6835928823038008,0.685891579980577
8,45-50c,45,50,7089,LightGBM,0.6868852628704264,0.6947718797614794,0.6945871045668719,0.6944774602468635,0.6952438123045558,0.6937955690143986,0.6911964247852485,0.6868852628704264,0.6895666660758177,0.6935306716192036
8,50-55c,50,55,7469,LightGBM,0.6870192182597304,0.6903157522085883,0.6903982812437592,0.6904525942911067,0.6904431608317898,0.6897560179677138,0.6891617657609523,0.6870192182597304,0.6886421962534955,0.6905731447521086
8,55-60c,55,60,7424,LightGBM,0.677039844628916,0.6800403507528326,0.6802245226735024,0.6803642719253746,0.6799970122209993,0.6805084568386945,0.6796072374358392,0.677039844628916,0.6789918529155794,0.681433905769431
8,60-65c,60,65,7952,LightGBM,0.6686190659972249,0.6716154023658693,0.671281780277535,0.671157198086819,0.6726203589080562,0.6731991977339531,0.6709633974373015,0.6686190659972249,0.6697812138914809,0.671530992300353
8,65-70c,65,70,8147,LightGBM,0.6299635096901322,0.632784010696542,0.6330296028842549,0.6333725439196922,0.6336050478644667,0.633165515889985,0.6324819427977744,0.6299635096901322,0.6318642565382074,0.6369044552784214
8,70-75c,70,75,8309,LightGBM,0.6048452030521055,0.6071815935895991,0.606638865897112,0.6066976777929535,0.6075499049688602,0.6090078637399772,0.6068752521558236,0.6048452030521055,0.6065003996537823,0.6097645184165977
8,75-80c,75,80,8393,LightGBM,0.5333695062790048,0.5370413716149276,0.5380087748523954,0.5393067269170099,0.5384331322371215,0.537330448660608,0.5359806253008137,0.5333695062790048,0.5357698444999167,0.5459685256018536
8,80-85c,80,85,9001,LightGBM,0.41247645901557295,0.4182694710568565,0.4243956454828547,0.4292182466821973,0.41885509000704213,0.4163612580763819,0.41415723139484695,0.41247645901557295,0.41390575960687653,0.44016611862616883
8,85-90c,85,90,9214,LightGBM,0.36056143522980705,0.3628378636643888,0.3679547039744956,0.37307974443430825,0.3638784410538109,0.36220102057749076,0.3616999673595843,0.36056143522980705,0.3616444048884488,0.3757994676853487
8,90-95c,90,95,8041,LightGBM,0.2990108391035629,0.301991343865706,0.3035044724221837,0.30843585064397605,0.30406702373072175,0.3014435453542549,0.301209925915984,0.2990108391035629,0.3016976715672731,0.3042186440025089
8,95-100c,95,100,4539,LightGBM,0.13424146341440252,0.1396711447139149,0.1510900420291133,0.16290493190581723,0.14320846663141604,0.14080938674644186,0.1364542027092586,0.13424146341440252,0.1366176092507301,0.14757894912941513
7,0-5c,0,5,4136,LightGBM,0.11206917625588919,0.1159710099622798,0.1280443865408234,0.14076683621419092,0.12055599189354112,0.11608835215018198,0.11404876762464092,0.11206917625588919,0.11525110833627841,0.12226191826732961
7,5-10c,5,10,9680,LightGBM,0.2139700985844242,0.21775606542858014,0.22831893223659952,0.2381402076264853,0.219147075512744,0.21645735996198973,0.21530137791681636,0.2139700985844242,0.2157395682091133,0.22433672724441867
7,10-15c,10,15,9674,LightGBM,0.31783169027076336,0.3225811870109794,0.3305682327732613,0.3374573065392457,0.3243403989452454,0.3205333739696412,0.31929532080104744,0.31783169027076336,0.31940227879513666,0.3409506427812062
7,15-20c,15,20,8787,LightGBM,0.4333169483265233,0.43506540799822224,0.438461252658369,0.4418848868962255,0.4367333844860407,0.4343652119173112,0.43436849765806684,0.4333169483265233,0.4342235720900522,0.4515518524179385
7,20-25c,20,25,7864,LightGBM,0.5241282419463271,0.5270635752813786,0.5278202323860949,0.5291003148856053,0.5280537294134419,0.5283260248544897,0.526257992285126,0.5241282419463271,0.5258798298455222,0.5373939040303126
7,25-30c,25,30,7355,LightGBM,0.6116471002986802,0.6179123215267033,0.6159585429485536,0.6152294379643621,0.619575838957308,0.6217247462812416,0.6139977383514931,0.6116471002986802,0.6132591084924116,0.616095927480208
7,30-35c,30,35,7563,LightGBM,0.642072976727647,0.6466879766296157,0.6456644708274754,0.6452636903312978,0.6471263608061403,0.6488946007047696,0.6444299277635038,0.642072976727647,0.6437542161145745,0.6462034618247411
7,35-40c,35,40,7120,LightGBM,0.6620903325702501,0.6646747753422375,0.6644327070766309,0.6643829854977619,0.6647886728101687,0.664956834201955,0.6637914158104787,0.6620903325702501,0.6632387738627514,0.6659848217514478
7,40-45c,40,45,6682,LightGBM,0.6883405342264867,0.6940036511627825,0.6933113027319786,0.6929156268033559,0.694020270935379,0.6939195854863383,0.6899807875192667,0.6883405342264867,0.6889645725419865,0.6907321485066402
7,45-50c,45,50,6395,LightGBM,0.6893162140629855,0.6975543302368158,0.6972309328168182,0.6970350327949552,0.6979252372373079,0.6965259986921343,0.6934790125723762,0.6893162140629855,0.6917887084723049,0.6954057604270266
7,50-55c,50,55,5939,LightGBM,0.688337449065118,0.6907126360617337,0.6907775749914296,0.6908208397626356,0.6906139691561418,0.6912084498357679,0.6903533695000621,0.688337449065118,0.6902661294895244,0.6911154002286576
7,55-60c,55,60,6427,LightGBM,0.6878738635472422,0.6897068304596307,0.6893848454279738,0.689210821550267,0.6895456973131749,0.6920134823998074,0.6902655304623592,0.6878738635472422,0.6885438787274771,0.6886229049607997
7,60-65c,60,65,6900,LightGBM,0.6775290542520765,0.6802410211996293,0.6794374248794033,0.6790224277171875,0.6810837113671887,0.68306645301461,0.6789080911032231,0.6775290542520765,0.6780866675652895,0.6778878895042015
7,65-70c,65,70,7269,LightGBM,0.6481454957069188,0.6507698309404839,0.6499830131156155,0.6496909855118591,0.6517816152129934,0.6531694283743702,0.6495187770793749,0.6481454957069188,0.6492440476132405,0.6502394892452371
7,70-75c,70,75,7611,LightGBM,0.584141369627757,0.5864658906601109,0.5872747886409234,0.5881514500518926,0.587146520638193,0.5867110776584487,0.5859628512317805,0.584141369627757,0.5858312965101318,0.5943959227113792
7,75-80c,75,80,7549,LightGBM,0.5415820337390868,0.5420967398748375,0.5427083192653122,0.5437934931114231,0.5431138315461606,0.5425229277707052,0.5418786516312188,0.5415820337390868,0.5419384132284232,0.5499198442486253
7,80-85c,80,85,8159,LightGBM,0.456859509371641,0.45753211005734035,0.46014941909759466,0.4629722456407352,0.45879676005040954,0.4570454762733457,0.4572252622955235,0.456859509371641,0.4572810863479098,0.47037667653490545
7,85-90c,85,90,9464,LightGBM,0.37746405079875156,0.37879381507622606,0.381973129599619,0.38608281440005104,0.38029107430213244,0.3786426157240882,0.3784634382478558,0.37746405079875156,0.37850229484288367,0.388578141899073
7,90-95c,90,95,9713,LightGBM,0.28221339735138806,0.28506888057970103,0.2895513136191989,0.2958305978665048,0.28806490950067704,0.28522604317014083,0.28407687933801506,0.28221339735138806,0.2841662366403986,0.2853455335863951
7,95-100c,95,100,6537,LightGBM,0.13545024004221604,0.15185465926168829,0.1604745323548107,0.17115061543138774,0.15531069123666935,0.15272500639781192,0.1442780861292998,0.13545024004221604,0.15023024973801033,0.16796950880462627
6,0-5c,0,5,7127,LightGBM,0.05430843976921886,0.06385599646848666,0.08547186994987761,0.10222370786150937,0.06442901781526487,0.06537502046212341,0.05594789418115193,0.05430843976921886,0.057525146844227326,0.055827452362489205
6,5-10c,5,10,11339,LightGBM,0.22512560749138086,0.22885768203609103,0.23834748396601105,0.24752397390475667,0.23193912238187084,0.22869917256797798,0.22661387735935357,0.22512560749138086,0.22725392629972466,0.22995404422197036
6,10-15c,10,15,10038,LightGBM,0.3526451640957849,0.3550211700124842,0.35890981591126586,0.36368085983788945,0.35632803032060983,0.3549251023612766,0.35458188486766656,0.3526451640957849,0.3548815078536263,0.36691340287202184
6,15-20c,15,20,9077,LightGBM,0.4339798845734597,0.4367484603433439,0.4400891991064388,0.443467981987969,0.43829338916515315,0.4365516832075018,0.4355168810798126,0.4339798845734597,0.4354900877843256,0.45276236684712146
6,20-25c,20,25,7700,LightGBM,0.5387621762756969,0.5415627438130105,0.5411021377891861,0.5416773136432825,0.542197805791855,0.5440609910356384,0.5403296935596787,0.5387621762756969,0.5406275552082737,0.5478878458180346
6,25-30c,25,30,7001,LightGBM,0.6037045976275381,0.606859271987491,0.6056788344107644,0.605412867455363,0.6070262967530248,0.610087561354302,0.6049702592853969,0.6037045976275381,0.60468522336006,0.6081987046033135
6,30-35c,30,35,7127,LightGBM,0.6422833598831561,0.6454353608089313,0.6444976102986822,0.6441483044416789,0.6456932391986037,0.6476049099727198,0.6436435733442807,0.6422833598831561,0.6433521261136305,0.6454480747551974
6,35-40c,35,40,6299,LightGBM,0.6448923130503021,0.6475330109522692,0.6481986052662416,0.6487115072458721,0.6477730581922005,0.6471701275816791,0.6476289611977056,0.6448923130503021,0.6470220729765812,0.6540969087950179
6,40-45c,40,45,5984,LightGBM,0.6753400429967348,0.6776724031690694,0.6778121954310453,0.6779336161287491,0.6778820993618532,0.6777499615887286,0.6778772242642309,0.6753400429967348,0.6774563793692895,0.6797875586723193
6,45-50c,45,50,5661,LightGBM,0.6878010824855846,0.6909398583237275,0.6909435568561005,0.6909512945441628,0.691269769507669,0.6909728211373275,0.690539051792339,0.6878010824855846,0.6904416310641162,0.6913110020202491
6,50-55c,50,55,5626,LightGBM,0.6875577551907237,0.6909385373962208,0.6909899095308794,0.6910248496006688,0.6912589114654021,0.6910050785835781,0.6897715821811219,0.6875577551907237,0.6897330572748673,0.6912277542822217
6,55-60c,55,60,6284,LightGBM,0.6723465625985007,0.6762689771169487,0.676630195713558,0.6768806671420615,0.6760380995976581,0.6755206027972178,0.674538530034705,0.6723465625985007,0.6737126276034736,0.6784651134772984
6,60-65c,60,65,6166,LightGBM,0.6753898119713185,0.6788053929148588,0.6780913539990736,0.6777309819550115,0.6790698937529489,0.6812411274888047,0.6773518039099957,0.6753898119713185,0.6771409657365246,0.6768715257389247
6,65-70c,65,70,6752,LightGBM,0.6475008696653624,0.6496786671469857,0.6489417754849329,0.6486811814191189,0.6509551724906874,0.6513461976300279,0.6482906790209313,0.6475008696653624,0.6482295104705751,0.6494693669939086
6,70-75c,70,75,6467,LightGBM,0.6059699949707421,0.6085259976174547,0.6078657462092389,0.607856125602959,0.6090621918083619,0.6097620530087928,0.6073981695372829,0.6059699949707421,0.6072144912602357,0.610649399755964
6,75-80c,75,80,7181,LightGBM,0.5468017619699277,0.5497010387423452,0.5497122968905508,0.550445220838765,0.5511875392524725,0.55050310522229,0.5480805484931999,0.5468017619699277,0.5480368480581386,0.555332582766134
6,80-85c,80,85,8493,LightGBM,0.4140811324955032,0.42005741156864607,0.42599737662922355,0.43071796455257977,0.420908462741582,0.41825953978694647,0.41659746474454595,0.4140811324955032,0.41606589544087674,0.4417223934563954
6,85-90c,85,90,9661,LightGBM,0.38363309167654974,0.38510789344959107,0.3878593193867442,0.39169502667995665,0.3863966480458551,0.3851192322417105,0.38465350752391464,0.38363309167654974,0.384735786981879,0.3933182861639077
6,90-95c,90,95,11998,LightGBM,0.2864128853656106,0.28809208666078956,0.2917857732713688,0.2977360216532858,0.2901199112004266,0.28818339786754993,0.28785925968233794,0.2864128853656106,0.28788294435093453,0.2883953936687745
6,95-100c,95,100,9779,LightGBM,0.12731667631593077,0.131136706259561,0.14240295155609736,0.15440735661852859,0.13311280292222108,0.13274242266951763,0.12907122338479576,0.12731667631593077,0.13070299961589518,0.1385378612960786
5,0-5c,0,5,11378,LightGBM,0.08315570257182786,0.08695191453732941,0.10314900334314671,0.11768506582308018,0.08834188861081076,0.08820457354720157,0.08446989884553031,0.08315570257182786,0.08528908876421379,0.08880304905232766
5,5-10c,5,10,13607,LightGBM,0.19682551308641608,0.2021006838394428,0.2150938352788433,0.22605398265155388,0.20421108329474003,0.20087866186485637,0.1985471369272278,0.19682551308641608,0.19859248482608,0.2071740810296636
5,10-15c,10,15,10614,LightGBM,0.34637322147802474,0.3486904459848825,0.35353724913974993,0.3587776392760576,0.34973267006086317,0.3486004013817861,0.3484583263233823,0.34637322147802474,0.3481704924680733,0.3611037741877519
5,15-20c,15,20,8870,LightGBM,0.41456475604719345,0.4202893777289872,0.4249902265616109,0.4291604720203784,0.42145300432206373,0.4182620877820551,0.41766753106328336,0.41456475604719345,0.4174234795765321,0.4407038185944551
5,20-25c,20,25,7552,LightGBM,0.4769209206541741,0.4830175631699933,0.4871790990538623,0.4904613783247275,0.4840060973530423,0.4801145147847088,0.47918275736791727,0.4769209206541741,0.47903877901676756,0.5053623600464792
5,25-30c,25,30,6552,LightGBM,0.5501495960998434,0.5542811244125501,0.556612828586585,0.5584649128717533,0.5544013332072507,0.5524323749621107,0.5519492443060992,0.5501495960998434,0.5514512953297122,0.5706804773201345
5,30-35c,30,35,6423,LightGBM,0.6251052511251658,0.6276472177712307,0.6278068701452253,0.6281268925596704,0.6281546367361777,0.6284231583684714,0.6273508429052523,0.6251052511251658,0.6270448443207765,0.6329233595244035
5,35-40c,35,40,5982,LightGBM,0.6603002097461772,0.66378475492885,0.6635877173593573,0.6635659218230071,0.6630616566048161,0.6645990499860817,0.6628219023234047,0.6603002097461772,0.661826757663125,0.665445890588593
5,40-45c,40,45,5614,LightGBM,0.6771189488603966,0.6802880153370522,0.6802819791311786,0.6803134794450554,0.6806185771139724,0.6810326393425379,0.6805736405710304,0.6771189488603966,0.6791695383975012,0.6815040157316095
5,45-50c,45,50,5337,LightGBM,0.6880883763960441,0.6968291162058878,0.696548287066977,0.696378547699574,0.6972807775787181,0.6953860491651481,0.692393722757231,0.6880883763960441,0.6913869436153048,0.6948862714819728
5,50-55c,50,55,5808,LightGBM,0.6819596877393852,0.6883896578387372,0.688567993507669,0.6886819188696802,0.6894546851150609,0.686690051142896,0.6851401384964064,0.6819596877393852,0.6843444334768837,0.6889856469678122
5,55-60c,55,60,6199,LightGBM,0.6627113640086681,0.670212664271703,0.6708735832870997,0.6713108062726316,0.6711173861966796,0.6678096364982138,0.6665436829623782,0.6627113640086681,0.6649247669413759,0.6739039913616226
5,60-65c,60,65,6108,LightGBM,0.6347398070250267,0.642042541057517,0.6432785298622181,0.64412624292282,0.6423473678801281,0.6394907818394824,0.637536876885603,0.6347398070250267,0.6368779154879782,0.6496129535588316
5,65-70c,65,70,6488,LightGBM,0.635108205113824,0.6372818583313304,0.6372515083544279,0.6374259712028923,0.6376671483191528,0.6379346891902281,0.6367786405114909,0.635108205113824,0.6365031319426041,0.6402589997532169
5,70-75c,70,75,6861,LightGBM,0.5953678372060546,0.5973320567827443,0.5974426345881897,0.5978957852411283,0.5977516858427717,0.5980614614815828,0.5964303455720491,0.5953678372060546,0.5960608915844683,0.602479160535202
5,75-80c,75,80,7407,LightGBM,0.5794497476565283,0.5853669286694827,0.5825556875022773,0.5816353609278602,0.585626389787899,0.5885124082658008,0.5819654863977621,0.5794497476565283,0.5817039162904784,0.5821261624308737
5,80-85c,80,85,8786,LightGBM,0.4818353269829955,0.48467859721224366,0.48496798632287236,0.48645000262250376,0.4858315837800068,0.4854384836753545,0.48412205534571656,0.4818353269829955,0.48374944940760567,0.4911598559448694
5,85-90c,85,90,10009,LightGBM,0.3516662811235513,0.354144066209463,0.3601640102542234,0.3657806354338048,0.3551201780490304,0.3535018749145234,0.35331487636057995,0.3516662811235513,0.3530498895132162,0.3680960280714353
5,90-95c,90,95,13137,LightGBM,0.25373689584586795,0.25597046047599986,0.2636029151150522,0.2716009397183013,0.2581621373941578,0.2561395625097176,0.255264125115018,0.25373689584586795,0.2554057056944261,0.2603166024440901
5,95-100c,95,100,14998,LightGBM,0.10568415799840437,0.10984632145636665,0.12400285788272059,0.1373865356675708,0.11271113579292887,0.11228141194683836,0.1074198428448728,0.10568415799840437,0.10779266823042181,0.11356371184567712
4,0-5c,0,5,16556,LightGBM,0.0833989125017045,0.08608698846594565,0.10189822667940109,0.11624999612696535,0.08827102739110143,0.08780843497136938,0.0846106220639888,0.0833989125017045,0.08510309401181142,0.09192762238344247
4,5-10c,5,10,14439,LightGBM,0.2139985991653305,0.21716511956624032,0.2277272729415494,0.23753838289060514,0.21983889337895174,0.21639412726031948,0.21508982606543597,0.2139985991653305,0.21499499785618342,0.2205511588806924
4,10-15c,10,15,10035,LightGBM,0.35867753502119804,0.35969340875162825,0.36307255572697716,0.3675645007312403,0.3609114828635719,0.3602859573397062,0.35947045011086787,0.35867753502119804,0.3595389255365611,0.3698393044219929
4,15-20c,15,20,8218,LightGBM,0.4816727304799777,0.4841129315955882,0.482878641872882,0.4836990205789849,0.4852166069595577,0.4875811714853854,0.4835747448563743,0.4816727304799777,0.48320839268925503,0.48846664247923227
4,20-25c,20,25,6956,LightGBM,0.4978003988945221,0.5029423912767327,0.5055210591505027,0.5078779055516052,0.503357167793358,0.5022400854768837,0.5009602997660544,0.4978003988945221,0.500790356015452,0.5200068745192385
4,25-30c,25,30,6062,LightGBM,0.5500422297902633,0.5551343409408378,0.5573915136410921,0.5592002463325204,0.5556086979772604,0.5533998876670516,0.5522682957597823,0.5500422297902633,0.5520067202782654,0.5713052490082994
4,30-35c,30,35,5624,LightGBM,0.6399525166951803,0.643691476338979,0.6428719955629174,0.6425941494246683,0.6437708663097856,0.6458618578250461,0.6415068773267656,0.6399525166951803,0.6415649876274853,0.6440891272192019
4,35-40c,35,40,5149,LightGBM,0.666316496544851,0.6687012217447258,0.6682404176092746,0.668055460289112,0.6691456256212034,0.6696305684744459,0.6674882096464255,0.666316496544851,0.667254699375625,0.6687498907325732
4,40-45c,40,45,4622,LightGBM,0.6703132418240697,0.6735906787057981,0.6739254101933522,0.674168663620744,0.6731206262277161,0.6741023384890843,0.67519898415988,0.6703132418240697,0.673164348193085,0.6770347258522896
4,45-50c,45,50,4332,LightGBM,0.6881331369370903,0.6911923395442752,0.6911831942549447,0.6911829610372359,0.6920392539449403,0.6908192953274668,0.690939880143106,0.6881331369370903,0.6906923670126746,0.691339839320345
4,50-55c,50,55,4739,LightGBM,0.6885241006826702,0.691273674743864,0.6913091070753389,0.6913340966566179,0.6912614694649593,0.6912979115685093,0.6906935069867306,0.6885241006826702,0.6904438583791801,0.6915000509708121
4,55-60c,55,60,5073,LightGBM,0.675370562435174,0.6782290128159211,0.678492756186537,0.6786825775190798,0.6794227568155621,0.6772836210184725,0.6766155147745636,0.675370562435174,0.6767063754476267,0.6799677739369845
4,60-65c,60,65,5459,LightGBM,0.6411207667790569,0.6459478207614948,0.6469898123658006,0.6477165197829448,0.6453536277278225,0.6445740064248776,0.6424479534350725,0.6411207667790569,0.6418399847797363,0.6525541571871089
4,65-70c,65,70,5878,LightGBM,0.614434740292047,0.616217637459791,0.6174348197806413,0.6183737398393807,0.6166195263625295,0.6157175364519398,0.6149572599484089,0.614434740292047,0.6148133989883278,0.6247057129554021
4,70-75c,70,75,6485,LightGBM,0.5686079146090209,0.5716584667429092,0.5734430181082578,0.574909337585709,0.5719585547174133,0.5706912938838097,0.5706264326262815,0.5686079146090209,0.5702799685294353,0.5833707758605301
4,75-80c,75,80,7080,LightGBM,0.5620194451685387,0.5642204871074828,0.5630616754628847,0.5631117646352478,0.5640571707728748,0.5665815415078745,0.5631502659395027,0.5620194451685387,0.5630077786086733,0.5664553629608268
4,80-85c,80,85,7885,LightGBM,0.49178197173073396,0.4952800092517553,0.49450400945000383,0.4953952315075796,0.4957285691500511,0.49676702330335476,0.49334100918221935,0.49178197173073396,0.4934569187771263,0.4992117926303062
4,85-90c,85,90,9829,LightGBM,0.4202470886663783,0.42480468713987296,0.42297509870684175,0.4243753469702855,0.42635183871051163,0.42512502837303656,0.42226021291128685,0.4202470886663783,0.422367177115497,0.42534137347310014
4,90-95c,90,95,12759,LightGBM,0.26978403990623906,0.2715270363712589,0.27723129301134064,0.2842289970142284,0.27450939526311025,0.27180606071170427,0.2709477400421408,0.26978403990623906,0.27075867847036783,0.27348075223897916
4,95-100c,95,100,19545,LightGBM,0.09606090876314054,0.09893738618200917,0.11461794629217839,0.12862140705597316,0.10220804637524321,0.10217958540029998,0.09642767356602329,0.09606090876314054,0.09656122914516209,0.10324957648451184
3,0-5c,0,5,21409,LightGBM,0.08481316724705075,0.08661923858580457,0.10080549919118538,0.11473531862455069,0.08812191275779509,0.08761354048418281,0.08564475560791197,0.08481316724705075,0.08585595547819005,0.09010917578531524
3,5-10c,5,10,13158,LightGBM,0.20471731514973945,0.20778544377353442,0.2193427819069997,0.22969625998772972,0.21029537226250972,0.20690193855696737,0.20549909535159683,0.20471731514973945,0.20558882926122798,0.21168675003907142
3,10-15c,10,15,8185,LightGBM,0.30886085228622256,0.31360064356815176,0.3223179403527289,0.3296412356631278,0.3146586804543317,0.31104796470917956,0.3099976095623002,0.30886085228622256,0.3099119216550445,0.33340862468075305
3,15-20c,15,20,6496,LightGBM,0.3849226548462914,0.39592856406752414,0.40297338154071755,0.40845538366093787,0.39613158205457627,0.3921308913267114,0.3891402370530613,0.3849226548462914,0.38877663409840735,0.4221644645080131
3,20-25c,20,25,5840,LightGBM,0.48005779687421135,0.49008147030151267,0.49373072014819097,0.496707570763114,0.4893885831355842,0.4880964384841738,0.48432318640706506,0.48005779687421135,0.48443588769393364,0.5103419235711705
3,25-30c,25,30,4835,LightGBM,0.560413609613468,0.5663667969531473,0.5678825660156331,0.5692432736943429,0.5673913281133588,0.5654439132486039,0.5643144685432071,0.560413609613468,0.5635434863246264,0.5791253817882857
3,30-35c,30,35,4766,LightGBM,0.6424450270256052,0.6505497699140691,0.6492849779157724,0.6487372986939954,0.6511635844001616,0.6528000214132195,0.6464440332573369,0.6424450270256052,0.6444305643325189,0.6489151398195377
3,35-40c,35,40,4566,LightGBM,0.6647918377818871,0.6697870531215175,0.6692537193562409,0.6690247919242994,0.6701603332621212,0.6714042718477579,0.6672679714920305,0.6647918377818871,0.6671249927824806,0.6694510339348344
3,40-45c,40,45,4014,LightGBM,0.6783636445471669,0.6889434331185429,0.6885233850903087,0.6882961809015878,0.689389870968746,0.689587817114879,0.6865332023154418,0.6783636445471669,0.6810432895316845,0.687318658937946
3,45-50c,45,50,4229,LightGBM,0.6856148067710687,0.6923545252814298,0.6922891128287922,0.6922537737127111,0.6930119090831816,0.6917267907994098,0.6897079323044343,0.6856148067710687,0.6886848103176122,0.6922373459383775
3,50-55c,50,55,4247,LightGBM,0.6866881761364761,0.6938480887209263,0.6937588547231979,0.6937061108534808,0.6939675467419494,0.6950673941845658,0.6914907529733403,0.6866881761364761,0.6900105699479515,0.6936216326890087
3,55-60c,55,60,4301,LightGBM,0.6793902234145088,0.686124076875875,0.68599003402668,0.6859324801034757,0.6872991213755547,0.6866652018493338,0.6865344359405712,0.6793902234145088,0.683870631149978,0.6859341795141726
3,60-65c,60,65,4883,LightGBM,0.6517325990573655,0.6552977612992182,0.6558336918186767,0.6562476733437693,0.655434727735312,0.6552674840009937,0.6544364337193466,0.6517325990573655,0.6539647987967794,0.6594299604330679
3,65-70c,65,70,5078,LightGBM,0.6174974961150681,0.6218363865840391,0.6227379780912108,0.62348223146553,0.6224497544876327,0.6212454828541569,0.6207923608840851,0.6174974961150681,0.6206954899786571,0.6289252509065799
3,70-75c,70,75,5283,LightGBM,0.5819921738762703,0.5850425785419016,0.5859599028498504,0.5869007898141587,0.5854517085365215,0.585431139641043,0.5842552754301591,0.5819921738762703,0.5840727852544296,0.5933337027159483
3,75-80c,75,80,5741,LightGBM,0.5557811162757962,0.5585705929454198,0.557766370189716,0.5580332633671297,0.558598265648126,0.5601689011170893,0.5572612338199123,0.5557811162757962,0.556900052504909,0.5620227171461931
3,80-85c,80,85,6686,LightGBM,0.49126746462056553,0.49592186389551907,0.4951063466857652,0.4959725460871672,0.4968916279499944,0.4969611261672086,0.493458336693435,0.49126746462056553,0.493415410744119,0.49981960635865563
3,85-90c,85,90,8216,LightGBM,0.3801357046590847,0.38253769045688013,0.38540414199830225,0.38932825147518935,0.3831119852078827,0.38250788243375144,0.3817942453101861,0.3801357046590847,0.38159768035087077,0.3913064002420833
3,90-95c,90,95,11519,LightGBM,0.2854273655545231,0.2887961459532587,0.2917699044192338,0.2974691946389213,0.29102620511708116,0.2885853921963735,0.28736587852713735,0.2854273655545231,0.28737347861815304,0.28983177676378263
3,95-100c,95,100,25100,LightGBM,0.10896283101339473,0.11101249842563744,0.1223448398100275,0.13481620143332626,0.11322449217117482,0.11282567959221411,0.10997290628442666,0.10896283101339473,0.11034290395296754,0.1182612500082464
2,0-5c,0,5,25752,LightGBM,0.060126661614259294,0.06306655000036827,0.08096814427311216,0.09648251302296691,0.06431124290445055,0.06494363508365879,0.06059185851091453,0.060126661614259294,0.06067883181120153,0.06268936799817773
2,5-10c,5,10,12317,LightGBM,0.1906921761347074,0.1981094821061659,0.21126678690414466,0.22237391494487335,0.20011463812771224,0.19674025583481014,0.19300016587460914,0.1906921761347074,0.19424296044408598,0.2034137610522562
2,10-15c,10,15,8074,LightGBM,0.3331000420058763,0.3365428305855862,0.3425039561877572,0.3483805418221852,0.3368294500582086,0.33569469512555455,0.3353232481517354,0.3331000420058763,0.33571757118337714,0.3514532152544071
2,15-20c,15,20,5847,LightGBM,0.443999064354417,0.44863823713843837,0.450551044038465,0.45316789073685243,0.44945071790345226,0.4494541801890692,0.44633455601159877,0.443999064354417,0.44695029738708153,0.46168191403445286
2,20-25c,20,25,4532,LightGBM,0.47681113204643266,0.48690916010281254,0.4906710226791872,0.4937297573972046,0.4867714697078721,0.4837464794774189,0.48039202939362935,0.47681113204643266,0.48064410711313027,0.5082615695552256
2,25-30c,25,30,4039,LightGBM,0.5106888120151766,0.5256983802992626,0.5299763800159057,0.5329987017063779,0.5259020621052507,0.5209821187014684,0.5145772168327997,0.5106888120151766,0.514119772411446,0.5503595590696042
2,30-35c,30,35,3909,LightGBM,0.594676463622601,0.6053732650508291,0.6068187517054949,0.6079294655705075,0.6058562479602436,0.6037367594963641,0.6012137840269497,0.594676463622601,0.6005160372014465,0.6171747610963869
2,35-40c,35,40,3832,LightGBM,0.6428633131778568,0.6488800623624346,0.6494512482839314,0.6499069541689582,0.6484154284668653,0.6486530665340716,0.646486673230017,0.6428633131778568,0.6457027152827685,0.6551067975367022
2,40-45c,40,45,3739,LightGBM,0.6680526101047564,0.673813838447321,0.6741433075403629,0.6743829128859523,0.675032937311546,0.6737521414382804,0.6728059528193969,0.6680526101047564,0.6723013567639003,0.6772527470909301
2,45-50c,45,50,3753,LightGBM,0.6819220536254947,0.687443259804175,0.6876120842804818,0.6877230190197047,0.6871107690718344,0.6887390973408024,0.6840907030895477,0.6819220536254947,0.6838194017085227,0.6891512295731091
2,50-55c,50,55,3632,LightGBM,0.6855180299725507,0.6915398094926812,0.6915642344724223,0.6915822651121003,0.6919805648760833,0.6933950383031382,0.6890526893503516,0.6855180299725507,0.6886609672775413,0.691991061303717
2,55-60c,55,60,3743,LightGBM,0.676658937656914,0.6819780594844423,0.6820497424451829,0.6821202620728517,0.6818454756258614,0.6825631332984139,0.6804081181885524,0.676658937656914,0.6793982121458979,0.6827671216274757
2,60-65c,60,65,4175,LightGBM,0.6599581525110437,0.6646128838309868,0.6646655252896859,0.6647794228064248,0.6649469667160941,0.6656949410376464,0.6635529731384264,0.6599581525110437,0.6633260948331209,0.666367676525713
2,65-70c,65,70,4209,LightGBM,0.6298464156655466,0.6342644533041532,0.6344614061862229,0.6347717875935666,0.6353178753659382,0.634697693333815,0.6335006298472255,0.6298464156655466,0.6325170395323527,0.6380707868514052
2,70-75c,70,75,4823,LightGBM,0.5721266912474128,0.5793314162853653,0.580550333532884,0.5816798274628815,0.5800383637245816,0.5775064496804065,0.5773145422994933,0.5721266912474128,0.576788013298726,0.5889150227260791
2,75-80c,75,80,5126,LightGBM,0.49304044938943564,0.49897189134885783,0.5027551306654072,0.5057230423024479,0.49993416320021483,0.496540130527177,0.4965985812666568,0.49304044938943564,0.49616046965233473,0.5175051567889054
2,80-85c,80,85,6042,LightGBM,0.44585274877611214,0.45046455629755006,0.45361736938813096,0.4567575468688098,0.451271987805318,0.45007686836611743,0.44842228810981144,0.44585274877611214,0.4492611933456866,0.46490492955140955
2,85-90c,85,90,7097,LightGBM,0.35826670242512015,0.3621324333902911,0.36718726052776435,0.37229980206568636,0.3634975786318569,0.36118624690534173,0.36093813117621965,0.35826670242512015,0.3607894795836008,0.37496029775514067
2,90-95c,90,95,10942,LightGBM,0.24953808314443882,0.25205278021977895,0.2602308870226619,0.26849423800956634,0.2550675473246914,0.2521423807821834,0.2507566489836055,0.24953808314443882,0.25049502803390106,0.25596071647242014
2,95-100c,95,100,29916,LightGBM,0.09008999415323668,0.09151919018823573,0.10558694264842276,0.11928120790109353,0.09399755880328695,0.09436681608160907,0.09066541518878637,0.09008999415323668,0.09083408957617763,0.09687642444027329
